[debug] [2026-09-30T08:28:58.229Z] ----------------------------------------------------------------------
[debug] [2026-09-30T08:28:58.231Z] Command:       /Users/mac/.nvm/versions/node/v24.18.0/bin/node /Users/mac/.nvm/versions/node/v24.18.0/bin/firebase apps:list --project mhuri-money
[debug] [2026-09-30T08:28:58.231Z] CLI Version:   15.22.4
[debug] [2026-09-30T08:28:58.231Z] Platform:      darwin
[debug] [2026-09-30T08:28:58.231Z] Node Version:  v24.18.0
[debug] [2026-09-30T08:28:58.231Z] Detected Agent: codex_cli
[debug] [2026-09-30T08:28:58.231Z] Time:          Wed Sep 30 2026 10:28:58 GMT+0200 (Central Africa Time)
[debug] [2026-09-30T08:28:58.231Z] ----------------------------------------------------------------------
[debug] 
[debug] [2026-09-30T08:28:58.247Z] > command requires scopes: ["email","openid","https://www.googleapis.com/auth/cloudplatformprojects.readonly","https://www.googleapis.com/auth/firebase","https://www.googleapis.com/auth/cloud-platform"]
[debug] [2026-09-30T08:28:58.247Z] > authorizing via signed-in user (codzlabzim53@gmail.com)
[debug] [2026-09-30T08:28:58.249Z] Checked if tokens are valid: true, expires at: 1790760109719
[debug] [2026-09-30T08:28:58.249Z] Checked if tokens are valid: true, expires at: 1790760109719
[debug] [2026-09-30T08:28:58.250Z] >>> [apiv2][query] GET https://firebase.googleapis.com/v1beta1/projects/mhuri-money:searchApps pageSize=100
[debug] [2026-09-30T08:28:59.069Z] <<< [apiv2][status] GET https://firebase.googleapis.com/v1beta1/projects/mhuri-money:searchApps 200
[debug] [2026-09-30T08:52:06.666Z] ----------------------------------------------------------------------
[debug] [2026-09-30T08:52:06.671Z] Command:       /Users/mac/.nvm/versions/node/v24.18.0/bin/node /Users/mac/.nvm/versions/node/v24.18.0/bin/firebase deploy --only hosting --project mhuri-money
[debug] [2026-09-30T08:52:06.671Z] CLI Version:   15.22.4
[debug] [2026-09-30T08:52:06.671Z] Platform:      darwin
[debug] [2026-09-30T08:52:06.672Z] Node Version:  v24.18.0
[debug] [2026-09-30T08:52:06.672Z] Detected Agent: codex_cli
[debug] [2026-09-30T08:52:06.672Z] Time:          Wed Sep 30 2026 10:52:06 GMT+0200 (Central Africa Time)
[debug] [2026-09-30T08:52:06.672Z] ----------------------------------------------------------------------
[debug] 
[debug] [2026-09-30T08:52:07.509Z] > command requires scopes: ["email","openid","https://www.googleapis.com/auth/cloudplatformprojects.readonly","https://www.googleapis.com/auth/firebase","https://www.googleapis.com/auth/cloud-platform"]
[debug] [2026-09-30T08:52:07.510Z] > authorizing via signed-in user (codzlabzim53@gmail.com)
[debug] [2026-09-30T08:52:07.510Z] [iam] checking project mhuri-money for permissions ["firebase.projects.get","firebasehosting.sites.update"]
[debug] [2026-09-30T08:52:07.511Z] Checked if tokens are valid: true, expires at: 1790760109719
[debug] [2026-09-30T08:52:07.511Z] Checked if tokens are valid: true, expires at: 1790760109719
[debug] [2026-09-30T08:52:07.512Z] >>> [apiv2][query] POST https://cloudresourcemanager.googleapis.com/v1/projects/mhuri-money:testIamPermissions [none]
[debug] [2026-09-30T08:52:07.512Z] >>> [apiv2][(partial)header] POST https://cloudresourcemanager.googleapis.com/v1/projects/mhuri-money:testIamPermissions  x-goog-user-project=mhuri-money
[debug] [2026-09-30T08:52:07.512Z] >>> [apiv2][body] POST https://cloudresourcemanager.googleapis.com/v1/projects/mhuri-money:testIamPermissions {"permissions":["firebase.projects.get","firebasehosting.sites.update"]}
[debug] [2026-09-30T08:52:08.359Z] <<< [apiv2][status] POST https://cloudresourcemanager.googleapis.com/v1/projects/mhuri-money:testIamPermissions 200
[debug] [2026-09-30T08:52:08.359Z] <<< [apiv2][body] POST https://cloudresourcemanager.googleapis.com/v1/projects/mhuri-money:testIamPermissions {"permissions":["firebase.projects.get","firebasehosting.sites.update"]}
[debug] [2026-09-30T08:52:08.360Z] Checked if tokens are valid: true, expires at: 1790760109719
[debug] [2026-09-30T08:52:08.360Z] Checked if tokens are valid: true, expires at: 1790760109719
[debug] [2026-09-30T08:52:08.361Z] >>> [apiv2][query] GET https://firebase.googleapis.com/v1beta1/projects/mhuri-money [none]
[debug] [2026-09-30T08:52:09.154Z] <<< [apiv2][status] GET https://firebase.googleapis.com/v1beta1/projects/mhuri-money 200
[debug] [2026-09-30T08:52:09.154Z] <<< [apiv2][body] GET https://firebase.googleapis.com/v1beta1/projects/mhuri-money {"projectId":"mhuri-money","projectNumber":"383203942042","displayName":"Mhuri Money","name":"projects/mhuri-money","resources":{"hostingSite":"mhuri-money"},"state":"ACTIVE","labels":{"firebase":"enabled"},"etag":"1_87d97d34-3433-4b93-96fd-4ce946800983"}
[info] 
[info] === Deploying to 'mhuri-money'...
[info] 
[info] i  deploying hosting 
[debug] [2026-09-30T08:52:09.159Z] Checked if tokens are valid: true, expires at: 1790760109719
[debug] [2026-09-30T08:52:09.159Z] Checked if tokens are valid: true, expires at: 1790760109719
[debug] [2026-09-30T08:52:09.159Z] >>> [apiv2][query] GET https://firebasehosting.googleapis.com/v1beta1/projects/mhuri-money/sites/mhuri-money [none]
[debug] [2026-09-30T08:52:11.815Z] <<< [apiv2][status] GET https://firebasehosting.googleapis.com/v1beta1/projects/mhuri-money/sites/mhuri-money 200
[debug] [2026-09-30T08:52:11.815Z] <<< [apiv2][body] GET https://firebasehosting.googleapis.com/v1beta1/projects/mhuri-money/sites/mhuri-money {"name":"projects/mhuri-money/sites/mhuri-money","defaultUrl":"https://mhuri-money.web.app","type":"DEFAULT_SITE"}
[debug] [2026-09-30T08:52:11.817Z] Checked if tokens are valid: true, expires at: 1790760109719
[debug] [2026-09-30T08:52:11.817Z] Checked if tokens are valid: true, expires at: 1790760109719
[debug] [2026-09-30T08:52:11.817Z] >>> [apiv2][query] POST https://firebasehosting.googleapis.com/v1beta1/projects/-/sites/mhuri-money/versions [none]
[debug] [2026-09-30T08:52:11.817Z] >>> [apiv2][body] POST https://firebasehosting.googleapis.com/v1beta1/projects/-/sites/mhuri-money/versions {"status":"CREATED","labels":{"deployment-tool":"cli-firebase"}}
[debug] [2026-09-30T08:52:15.450Z] <<< [apiv2][status] POST https://firebasehosting.googleapis.com/v1beta1/projects/-/sites/mhuri-money/versions 200
[debug] [2026-09-30T08:52:15.450Z] <<< [apiv2][body] POST https://firebasehosting.googleapis.com/v1beta1/projects/-/sites/mhuri-money/versions {"name":"projects/383203942042/sites/mhuri-money/versions/a09711d0c0954a76","status":"CREATED","config":{},"labels":{"deployment-tool":"cli-firebase"}}
[info] i  hosting[mhuri-money]: beginning deploy... 
[info] i  hosting[mhuri-money]: found 5 files in hosting/public 
[debug] [2026-09-30T08:52:15.471Z] [hosting] uploading with 200 concurrency
[debug] [2026-09-30T08:52:15.472Z] [hosting] hash cache [aG9zdGluZy9wdWJsaWM] not populated
[debug] [2026-09-30T08:52:15.478Z] Checked if tokens are valid: true, expires at: 1790760109719
[debug] [2026-09-30T08:52:15.478Z] Checked if tokens are valid: true, expires at: 1790760109719
[debug] [2026-09-30T08:52:15.479Z] [hosting] hash cache [aG9zdGluZy9wdWJsaWM] stored for 5 files
[debug] [2026-09-30T08:52:15.479Z] [hosting][hash queue][FINAL] {"max":4,"min":3,"avg":3.8,"active":0,"complete":5,"success":5,"errored":0,"retried":0,"total":5,"elapsed":7}
[debug] [2026-09-30T08:52:15.480Z] >>> [apiv2][query] POST https://firebasehosting.googleapis.com/v1beta1/projects/383203942042/sites/mhuri-money/versions/a09711d0c0954a76:populateFiles [none]
[debug] [2026-09-30T08:52:15.480Z] >>> [apiv2][body] POST https://firebasehosting.googleapis.com/v1beta1/projects/383203942042/sites/mhuri-money/versions/a09711d0c0954a76:populateFiles {"files":{"/styles.css":"d46b1f84bdc834883af0c99894c6d41b708be5acfe154b8883e5791f2a103be5","/privacy/index.html":"0f3ddabe83bb9f5d6926a6b1d0be2a16ea23b028df2ae8ab4aa450e99fd580ba","/terms/index.html":"0cbd55f6b595773261561f873d7233ce262e1a57642c257e67ac7f457884b162","/delete-account/index.html":"b0b74f5c519206e2fde7366bb2c9904a8e4f8340618c65253155177885f9e3e1","/index.html":"64fedc12855d79a29e1118d8e76953b5891f4d11836744aeda5dfeb6d0e67b67"}}
[debug] [2026-09-30T08:52:16.383Z] <<< [apiv2][status] POST https://firebasehosting.googleapis.com/v1beta1/projects/383203942042/sites/mhuri-money/versions/a09711d0c0954a76:populateFiles 200
[debug] [2026-09-30T08:52:16.383Z] <<< [apiv2][body] POST https://firebasehosting.googleapis.com/v1beta1/projects/383203942042/sites/mhuri-money/versions/a09711d0c0954a76:populateFiles {"uploadRequiredHashes":["d46b1f84bdc834883af0c99894c6d41b708be5acfe154b8883e5791f2a103be5","0f3ddabe83bb9f5d6926a6b1d0be2a16ea23b028df2ae8ab4aa450e99fd580ba","0cbd55f6b595773261561f873d7233ce262e1a57642c257e67ac7f457884b162","b0b74f5c519206e2fde7366bb2c9904a8e4f8340618c65253155177885f9e3e1","64fedc12855d79a29e1118d8e76953b5891f4d11836744aeda5dfeb6d0e67b67"],"uploadUrl":"https://upload-firebasehosting.googleapis.com/upload/sites/mhuri-money/versions/a09711d0c0954a76/files"}
[debug] [2026-09-30T08:52:16.385Z] Checked if tokens are valid: true, expires at: 1790760109719
[debug] [2026-09-30T08:52:16.385Z] Checked if tokens are valid: true, expires at: 1790760109719
[debug] [2026-09-30T08:52:16.387Z] Checked if tokens are valid: true, expires at: 1790760109719
[debug] [2026-09-30T08:52:16.387Z] Checked if tokens are valid: true, expires at: 1790760109719
[debug] [2026-09-30T08:52:16.388Z] Checked if tokens are valid: true, expires at: 1790760109719
[debug] [2026-09-30T08:52:16.388Z] Checked if tokens are valid: true, expires at: 1790760109719
[debug] [2026-09-30T08:52:16.389Z] Checked if tokens are valid: true, expires at: 1790760109719
[debug] [2026-09-30T08:52:16.390Z] Checked if tokens are valid: true, expires at: 1790760109719
[debug] [2026-09-30T08:52:16.390Z] Checked if tokens are valid: true, expires at: 1790760109719
[debug] [2026-09-30T08:52:16.391Z] Checked if tokens are valid: true, expires at: 1790760109719
[debug] [2026-09-30T08:52:16.391Z] >>> [apiv2][query] POST https://upload-firebasehosting.googleapis.com/upload/sites/mhuri-money/versions/a09711d0c0954a76/files/d46b1f84bdc834883af0c99894c6d41b708be5acfe154b8883e5791f2a103be5 [none]
[debug] [2026-09-30T08:52:16.391Z] >>> [apiv2][body] POST https://upload-firebasehosting.googleapis.com/upload/sites/mhuri-money/versions/a09711d0c0954a76/files/d46b1f84bdc834883af0c99894c6d41b708be5acfe154b8883e5791f2a103be5 [stream]
[debug] [2026-09-30T08:52:16.393Z] >>> [apiv2][query] POST https://upload-firebasehosting.googleapis.com/upload/sites/mhuri-money/versions/a09711d0c0954a76/files/0f3ddabe83bb9f5d6926a6b1d0be2a16ea23b028df2ae8ab4aa450e99fd580ba [none]
[debug] [2026-09-30T08:52:16.393Z] >>> [apiv2][body] POST https://upload-firebasehosting.googleapis.com/upload/sites/mhuri-money/versions/a09711d0c0954a76/files/0f3ddabe83bb9f5d6926a6b1d0be2a16ea23b028df2ae8ab4aa450e99fd580ba [stream]
[debug] [2026-09-30T08:52:16.395Z] >>> [apiv2][query] POST https://upload-firebasehosting.googleapis.com/upload/sites/mhuri-money/versions/a09711d0c0954a76/files/0cbd55f6b595773261561f873d7233ce262e1a57642c257e67ac7f457884b162 [none]
[debug] [2026-09-30T08:52:16.395Z] >>> [apiv2][body] POST https://upload-firebasehosting.googleapis.com/upload/sites/mhuri-money/versions/a09711d0c0954a76/files/0cbd55f6b595773261561f873d7233ce262e1a57642c257e67ac7f457884b162 [stream]
[debug] [2026-09-30T08:52:16.396Z] >>> [apiv2][query] POST https://upload-firebasehosting.googleapis.com/upload/sites/mhuri-money/versions/a09711d0c0954a76/files/b0b74f5c519206e2fde7366bb2c9904a8e4f8340618c65253155177885f9e3e1 [none]
[debug] [2026-09-30T08:52:16.397Z] >>> [apiv2][body] POST https://upload-firebasehosting.googleapis.com/upload/sites/mhuri-money/versions/a09711d0c0954a76/files/b0b74f5c519206e2fde7366bb2c9904a8e4f8340618c65253155177885f9e3e1 [stream]
[debug] [2026-09-30T08:52:16.398Z] >>> [apiv2][query] POST https://upload-firebasehosting.googleapis.com/upload/sites/mhuri-money/versions/a09711d0c0954a76/files/64fedc12855d79a29e1118d8e76953b5891f4d11836744aeda5dfeb6d0e67b67 [none]
[debug] [2026-09-30T08:52:16.398Z] >>> [apiv2][body] POST https://upload-firebasehosting.googleapis.com/upload/sites/mhuri-money/versions/a09711d0c0954a76/files/64fedc12855d79a29e1118d8e76953b5891f4d11836744aeda5dfeb6d0e67b67 [stream]
[debug] [2026-09-30T08:52:16.400Z] [hosting][populate queue][FINAL] {"max":913,"min":913,"avg":913,"active":0,"complete":1,"success":1,"errored":0,"retried":0,"total":1,"elapsed":922}
[debug] [2026-09-30T08:52:16.400Z] [hosting] uploads queued: 5
[info] i  hosting: uploading new files [0/5] (0%) 
[debug] [2026-09-30T08:52:17.982Z] <<< [apiv2][status] POST https://upload-firebasehosting.googleapis.com/upload/sites/mhuri-money/versions/a09711d0c0954a76/files/d46b1f84bdc834883af0c99894c6d41b708be5acfe154b8883e5791f2a103be5 200
[debug] [2026-09-30T08:52:17.982Z] <<< [apiv2][body] POST https://upload-firebasehosting.googleapis.com/upload/sites/mhuri-money/versions/a09711d0c0954a76/files/d46b1f84bdc834883af0c99894c6d41b708be5acfe154b8883e5791f2a103be5 [stream]
[debug] [2026-09-30T08:52:17.983Z] <<< [apiv2][status] POST https://upload-firebasehosting.googleapis.com/upload/sites/mhuri-money/versions/a09711d0c0954a76/files/b0b74f5c519206e2fde7366bb2c9904a8e4f8340618c65253155177885f9e3e1 200
[debug] [2026-09-30T08:52:17.983Z] <<< [apiv2][body] POST https://upload-firebasehosting.googleapis.com/upload/sites/mhuri-money/versions/a09711d0c0954a76/files/b0b74f5c519206e2fde7366bb2c9904a8e4f8340618c65253155177885f9e3e1 [stream]
[debug] [2026-09-30T08:52:18.004Z] <<< [apiv2][status] POST https://upload-firebasehosting.googleapis.com/upload/sites/mhuri-money/versions/a09711d0c0954a76/files/0cbd55f6b595773261561f873d7233ce262e1a57642c257e67ac7f457884b162 200
[debug] [2026-09-30T08:52:18.005Z] <<< [apiv2][body] POST https://upload-firebasehosting.googleapis.com/upload/sites/mhuri-money/versions/a09711d0c0954a76/files/0cbd55f6b595773261561f873d7233ce262e1a57642c257e67ac7f457884b162 [stream]
[debug] [2026-09-30T08:52:18.374Z] <<< [apiv2][status] POST https://upload-firebasehosting.googleapis.com/upload/sites/mhuri-money/versions/a09711d0c0954a76/files/64fedc12855d79a29e1118d8e76953b5891f4d11836744aeda5dfeb6d0e67b67 200
[debug] [2026-09-30T08:52:18.375Z] <<< [apiv2][body] POST https://upload-firebasehosting.googleapis.com/upload/sites/mhuri-money/versions/a09711d0c0954a76/files/64fedc12855d79a29e1118d8e76953b5891f4d11836744aeda5dfeb6d0e67b67 [stream]
[debug] [2026-09-30T08:52:18.386Z] <<< [apiv2][status] POST https://upload-firebasehosting.googleapis.com/upload/sites/mhuri-money/versions/a09711d0c0954a76/files/0f3ddabe83bb9f5d6926a6b1d0be2a16ea23b028df2ae8ab4aa450e99fd580ba 200
[debug] [2026-09-30T08:52:18.386Z] <<< [apiv2][body] POST https://upload-firebasehosting.googleapis.com/upload/sites/mhuri-money/versions/a09711d0c0954a76/files/0f3ddabe83bb9f5d6926a6b1d0be2a16ea23b028df2ae8ab4aa450e99fd580ba [stream]
[debug] [2026-09-30T08:52:18.387Z] [hosting][upload queue][FINAL] {"max":2002,"min":1595,"avg":1759.4,"active":0,"complete":5,"success":5,"errored":0,"retried":0,"total":5,"elapsed":2003}
[info] i  hosting: upload complete 
[info] ✔  hosting[mhuri-money]: file upload complete 
[debug] [2026-09-30T08:52:18.387Z] [hosting] deploy completed after 2932ms
[debug] [2026-09-30T08:52:18.388Z] [
  {
    "config": {
      "public": "hosting/public",
      "ignore": [
        "firebase.json",
        "**/.*",
        "**/node_modules/**"
      ],
      "cleanUrls": true,
      "trailingSlash": false,
      "headers": [
        {
          "source": "**",
          "headers": [
            {
              "key": "X-Content-Type-Options",
              "value": "nosniff"
            },
            {
              "key": "Referrer-Policy",
              "value": "strict-origin-when-cross-origin"
            },
            {
              "key": "X-Frame-Options",
              "value": "DENY"
            }
          ]
        }
      ],
      "site": "mhuri-money"
    },
    "version": "projects/383203942042/sites/mhuri-money/versions/a09711d0c0954a76"
  }
]
[info] i  hosting[mhuri-money]: finalizing version... 
[debug] [2026-09-30T08:52:18.390Z] Checked if tokens are valid: true, expires at: 1790760109719
[debug] [2026-09-30T08:52:18.391Z] Checked if tokens are valid: true, expires at: 1790760109719
[debug] [2026-09-30T08:52:18.391Z] >>> [apiv2][query] PATCH https://firebasehosting.googleapis.com/v1beta1/projects/-/sites/mhuri-money/versions/a09711d0c0954a76 updateMask=status%2Cconfig
[debug] [2026-09-30T08:52:18.391Z] >>> [apiv2][body] PATCH https://firebasehosting.googleapis.com/v1beta1/projects/-/sites/mhuri-money/versions/a09711d0c0954a76 {"status":"FINALIZED","config":{"headers":[{"glob":"**","headers":{"X-Content-Type-Options":"nosniff","Referrer-Policy":"strict-origin-when-cross-origin","X-Frame-Options":"DENY"}}],"cleanUrls":true,"trailingSlashBehavior":"REMOVE"}}
[debug] [2026-09-30T08:52:20.276Z] <<< [apiv2][status] PATCH https://firebasehosting.googleapis.com/v1beta1/projects/-/sites/mhuri-money/versions/a09711d0c0954a76 200
[debug] [2026-09-30T08:52:20.276Z] <<< [apiv2][body] PATCH https://firebasehosting.googleapis.com/v1beta1/projects/-/sites/mhuri-money/versions/a09711d0c0954a76 {"name":"projects/383203942042/sites/mhuri-money/versions/a09711d0c0954a76","status":"FINALIZED","config":{"headers":[{"headers":{"X-Frame-Options":"DENY","X-Content-Type-Options":"nosniff","Referrer-Policy":"strict-origin-when-cross-origin"},"glob":"**"}],"cleanUrls":true,"trailingSlashBehavior":"REMOVE"},"labels":{"deployment-tool":"cli-firebase"},"createTime":"2026-09-30T08:52:12.633699Z","createUser":{"email":"codzlabzim53@gmail.com"},"finalizeTime":"2026-09-30T08:52:19.900200Z","finalizeUser":{"email":"codzlabzim53@gmail.com"}}
[debug] [2026-09-30T08:52:20.277Z] [hosting] finalized version for mhuri-money:[object Object]
[info] ✔  hosting[mhuri-money]: version finalized 
[info] i  hosting[mhuri-money]: releasing new version... 
[debug] [2026-09-30T08:52:20.277Z] Checked if tokens are valid: true, expires at: 1790760109719
[debug] [2026-09-30T08:52:20.277Z] Checked if tokens are valid: true, expires at: 1790760109719
[debug] [2026-09-30T08:52:20.278Z] >>> [apiv2][query] POST https://firebasehosting.googleapis.com/v1beta1/projects/-/sites/mhuri-money/channels/live/releases versionName=projects%2F383203942042%2Fsites%2Fmhuri-money%2Fversions%2Fa09711d0c0954a76
[debug] [2026-09-30T08:52:20.278Z] >>> [apiv2][body] POST https://firebasehosting.googleapis.com/v1beta1/projects/-/sites/mhuri-money/channels/live/releases {}
[debug] [2026-09-30T08:52:21.608Z] <<< [apiv2][status] POST https://firebasehosting.googleapis.com/v1beta1/projects/-/sites/mhuri-money/channels/live/releases 200
[debug] [2026-09-30T09:10:53.782Z] ----------------------------------------------------------------------
[debug] [2026-09-30T09:10:53.784Z] Command:       /Users/mac/.nvm/versions/node/v24.18.0/bin/node /Users/mac/.nvm/versions/node/v24.18.0/bin/firebase hosting:channel:deploy landing-preview --expires 1d --project mhuri-money
[debug] [2026-09-30T09:10:53.784Z] CLI Version:   15.22.4
[debug] [2026-09-30T09:10:53.784Z] Platform:      darwin
[debug] [2026-09-30T09:10:53.784Z] Node Version:  v24.18.0
[debug] [2026-09-30T09:10:53.784Z] Detected Agent: codex_cli
[debug] [2026-09-30T09:10:53.784Z] Time:          Wed Sep 30 2026 11:10:53 GMT+0200 (Central Africa Time)
[debug] [2026-09-30T09:10:53.784Z] ----------------------------------------------------------------------
[debug] 
[debug] [2026-09-30T09:10:54.536Z] > command requires scopes: ["email","openid","https://www.googleapis.com/auth/cloudplatformprojects.readonly","https://www.googleapis.com/auth/firebase","https://www.googleapis.com/auth/cloud-platform"]
[debug] [2026-09-30T09:10:54.536Z] > authorizing via signed-in user (codzlabzim53@gmail.com)
[debug] [2026-09-30T09:10:54.537Z] [iam] checking project mhuri-money for permissions ["firebase.projects.get","firebasehosting.sites.update"]
[debug] [2026-09-30T09:10:54.537Z] Checked if tokens are valid: false, expires at: 1790760109719
[debug] [2026-09-30T09:10:54.537Z] Checked if tokens are valid: false, expires at: 1790760109719
[debug] [2026-09-30T09:10:54.537Z] > refreshing access token with scopes: []
[debug] [2026-09-30T09:10:54.539Z] >>> [apiv2][query] POST https://www.googleapis.com/oauth2/v3/token [none]
[debug] [2026-09-30T09:10:54.539Z] >>> [apiv2][body] POST https://www.googleapis.com/oauth2/v3/token [omitted]
[debug] [2026-09-30T09:10:55.051Z] <<< [apiv2][status] POST https://www.googleapis.com/oauth2/v3/token 200
[debug] [2026-09-30T09:10:55.051Z] <<< [apiv2][body] POST https://www.googleapis.com/oauth2/v3/token [omitted]
[debug] [2026-09-30T09:10:55.068Z] >>> [apiv2][query] POST https://cloudresourcemanager.googleapis.com/v1/projects/mhuri-money:testIamPermissions [none]
[debug] [2026-09-30T09:10:55.068Z] >>> [apiv2][(partial)header] POST https://cloudresourcemanager.googleapis.com/v1/projects/mhuri-money:testIamPermissions  x-goog-user-project=mhuri-money
[debug] [2026-09-30T09:10:55.068Z] >>> [apiv2][body] POST https://cloudresourcemanager.googleapis.com/v1/projects/mhuri-money:testIamPermissions {"permissions":["firebase.projects.get","firebasehosting.sites.update"]}
[debug] [2026-09-30T09:10:56.146Z] <<< [apiv2][status] POST https://cloudresourcemanager.googleapis.com/v1/projects/mhuri-money:testIamPermissions 200
[debug] [2026-09-30T09:10:56.146Z] <<< [apiv2][body] POST https://cloudresourcemanager.googleapis.com/v1/projects/mhuri-money:testIamPermissions {"permissions":["firebase.projects.get","firebasehosting.sites.update"]}
[debug] [2026-09-30T09:10:56.148Z] Checked if tokens are valid: true, expires at: 1790763054051
[debug] [2026-09-30T09:10:56.148Z] Checked if tokens are valid: true, expires at: 1790763054051
[debug] [2026-09-30T09:10:56.149Z] >>> [apiv2][query] GET https://firebase.googleapis.com/v1beta1/projects/mhuri-money [none]
[debug] [2026-09-30T09:10:56.870Z] <<< [apiv2][status] GET https://firebase.googleapis.com/v1beta1/projects/mhuri-money 200
[debug] [2026-09-30T09:10:56.870Z] <<< [apiv2][body] GET https://firebase.googleapis.com/v1beta1/projects/mhuri-money {"projectId":"mhuri-money","projectNumber":"383203942042","displayName":"Mhuri Money","name":"projects/mhuri-money","resources":{"hostingSite":"mhuri-money"},"state":"ACTIVE","labels":{"firebase":"enabled"},"etag":"1_87d97d34-3433-4b93-96fd-4ce946800983"}
[debug] [2026-09-30T09:10:56.871Z] Expires TTL: 86400000
[debug] [2026-09-30T09:10:56.874Z] Checked if tokens are valid: true, expires at: 1790763054051
[debug] [2026-09-30T09:10:56.874Z] Checked if tokens are valid: true, expires at: 1790763054051
[debug] [2026-09-30T09:10:56.874Z] >>> [apiv2][query] GET https://firebasehosting.googleapis.com/v1beta1/projects/mhuri-money/sites/mhuri-money/channels/landing-preview [none]
[debug] [2026-09-30T09:10:58.623Z] <<< [apiv2][status] GET https://firebasehosting.googleapis.com/v1beta1/projects/mhuri-money/sites/mhuri-money/channels/landing-preview 404
[debug] [2026-09-30T09:10:58.624Z] <<< [apiv2][body] GET https://firebasehosting.googleapis.com/v1beta1/projects/mhuri-money/sites/mhuri-money/channels/landing-preview {"error":{"code":404,"message":"Requested entity was not found.","status":"NOT_FOUND"}}
[debug] [2026-09-30T09:10:58.626Z] Checked if tokens are valid: true, expires at: 1790763054051
[debug] [2026-09-30T09:10:58.626Z] Checked if tokens are valid: true, expires at: 1790763054051
[debug] [2026-09-30T09:10:58.627Z] >>> [apiv2][query] POST https://firebasehosting.googleapis.com/v1beta1/projects/mhuri-money/sites/mhuri-money/channels?channelId=landing-preview [none]
[debug] [2026-09-30T09:10:58.627Z] >>> [apiv2][body] POST https://firebasehosting.googleapis.com/v1beta1/projects/mhuri-money/sites/mhuri-money/channels?channelId=landing-preview {"ttl":"86400s"}
[debug] [2026-09-30T09:10:59.612Z] <<< [apiv2][status] POST https://firebasehosting.googleapis.com/v1beta1/projects/mhuri-money/sites/mhuri-money/channels?channelId=landing-preview 200
[debug] [2026-09-30T09:10:59.612Z] <<< [apiv2][body] POST https://firebasehosting.googleapis.com/v1beta1/projects/mhuri-money/sites/mhuri-money/channels?channelId=landing-preview {"name":"projects/mhuri-money/sites/mhuri-money/channels/landing-preview","url":"https://mhuri-money--landing-preview-2jfyf3ld.web.app","createTime":"2026-09-30T09:10:59.248583923Z","updateTime":"2026-09-30T09:10:59.248583923Z","retainedReleaseCount":10,"expireTime":"2026-10-01T09:10:59.248583923Z"}
[debug] [2026-09-30T09:10:59.612Z] [hosting] created new channnel for site mhuri-money {"name":"projects/mhuri-money/sites/mhuri-money/channels/landing-preview","url":"https://mhuri-money--landing-preview-2jfyf3ld.web.app","createTime":"2026-09-30T09:10:59.248583923Z","updateTime":"2026-09-30T09:10:59.248583923Z","retainedReleaseCount":10,"expireTime":"2026-10-01T09:10:59.248583923Z"}
[info] ✔  hosting:channel: Channel landing-preview has been created on site mhuri-money. 
[info] 
[info] === Deploying to 'mhuri-money'...
[info] 
[info] i  deploying hosting 
[debug] [2026-09-30T09:10:59.617Z] Checked if tokens are valid: true, expires at: 1790763054051
[debug] [2026-09-30T09:10:59.618Z] Checked if tokens are valid: true, expires at: 1790763054051
[debug] [2026-09-30T09:10:59.618Z] >>> [apiv2][query] GET https://firebasehosting.googleapis.com/v1beta1/projects/mhuri-money/sites/mhuri-money [none]
[debug] [2026-09-30T09:11:00.681Z] <<< [apiv2][status] GET https://firebasehosting.googleapis.com/v1beta1/projects/mhuri-money/sites/mhuri-money 200
[debug] [2026-09-30T09:11:00.682Z] <<< [apiv2][body] GET https://firebasehosting.googleapis.com/v1beta1/projects/mhuri-money/sites/mhuri-money {"name":"projects/mhuri-money/sites/mhuri-money","defaultUrl":"https://mhuri-money.web.app","type":"DEFAULT_SITE"}
[debug] [2026-09-30T09:11:00.684Z] Checked if tokens are valid: true, expires at: 1790763054051
[debug] [2026-09-30T09:11:00.684Z] Checked if tokens are valid: true, expires at: 1790763054051
[debug] [2026-09-30T09:11:00.684Z] >>> [apiv2][query] POST https://firebasehosting.googleapis.com/v1beta1/projects/-/sites/mhuri-money/versions [none]
[debug] [2026-09-30T09:11:00.685Z] >>> [apiv2][body] POST https://firebasehosting.googleapis.com/v1beta1/projects/-/sites/mhuri-money/versions {"status":"CREATED","labels":{"deployment-tool":"cli-firebase"}}
[debug] [2026-09-30T09:11:02.397Z] <<< [apiv2][status] POST https://firebasehosting.googleapis.com/v1beta1/projects/-/sites/mhuri-money/versions 200
[debug] [2026-09-30T09:11:02.397Z] <<< [apiv2][body] POST https://firebasehosting.googleapis.com/v1beta1/projects/-/sites/mhuri-money/versions {"name":"projects/383203942042/sites/mhuri-money/versions/60e1873f2658bc74","status":"CREATED","config":{},"labels":{"deployment-tool":"cli-firebase"}}
[info] i  hosting[mhuri-money]: beginning deploy... 
[info] i  hosting[mhuri-money]: found 5 files in hosting/public 
[debug] [2026-09-30T09:11:02.404Z] [hosting] uploading with 200 concurrency
[debug] [2026-09-30T09:11:02.407Z] Checked if tokens are valid: true, expires at: 1790763054051
[debug] [2026-09-30T09:11:02.407Z] Checked if tokens are valid: true, expires at: 1790763054051
[debug] [2026-09-30T09:11:02.407Z] [hosting] hash cache [aG9zdGluZy9wdWJsaWM] stored for 5 files
[debug] [2026-09-30T09:11:02.407Z] [hosting][hash queue][FINAL] {"max":2,"min":0,"avg":0.6,"active":0,"complete":5,"success":5,"errored":0,"retried":0,"total":5,"elapsed":2}
[debug] [2026-09-30T09:11:02.408Z] >>> [apiv2][query] POST https://firebasehosting.googleapis.com/v1beta1/projects/383203942042/sites/mhuri-money/versions/60e1873f2658bc74:populateFiles [none]
[debug] [2026-09-30T09:11:02.408Z] >>> [apiv2][body] POST https://firebasehosting.googleapis.com/v1beta1/projects/383203942042/sites/mhuri-money/versions/60e1873f2658bc74:populateFiles {"files":{"/terms/index.html":"0cbd55f6b595773261561f873d7233ce262e1a57642c257e67ac7f457884b162","/privacy/index.html":"0f3ddabe83bb9f5d6926a6b1d0be2a16ea23b028df2ae8ab4aa450e99fd580ba","/delete-account/index.html":"b0b74f5c519206e2fde7366bb2c9904a8e4f8340618c65253155177885f9e3e1","/styles.css":"3d03325c127ce3139eed848dab5a8eaf3d9ce41fa447bd70149f84cd0986321a","/index.html":"02d67123736d0888a2a3efe7ac96f4f1268d337ce91ccbaa3397a97355f900fe"}}
[debug] [2026-09-30T09:11:03.413Z] <<< [apiv2][status] POST https://firebasehosting.googleapis.com/v1beta1/projects/383203942042/sites/mhuri-money/versions/60e1873f2658bc74:populateFiles 200
[debug] [2026-09-30T09:11:03.414Z] <<< [apiv2][body] POST https://firebasehosting.googleapis.com/v1beta1/projects/383203942042/sites/mhuri-money/versions/60e1873f2658bc74:populateFiles {"uploadRequiredHashes":["3d03325c127ce3139eed848dab5a8eaf3d9ce41fa447bd70149f84cd0986321a","02d67123736d0888a2a3efe7ac96f4f1268d337ce91ccbaa3397a97355f900fe"],"uploadUrl":"https://upload-firebasehosting.googleapis.com/upload/sites/mhuri-money/versions/60e1873f2658bc74/files"}
[debug] [2026-09-30T09:11:03.415Z] Checked if tokens are valid: true, expires at: 1790763054051
[debug] [2026-09-30T09:11:03.415Z] Checked if tokens are valid: true, expires at: 1790763054051
[debug] [2026-09-30T09:11:03.416Z] Checked if tokens are valid: true, expires at: 1790763054051
[debug] [2026-09-30T09:11:03.416Z] Checked if tokens are valid: true, expires at: 1790763054051
[debug] [2026-09-30T09:11:03.416Z] >>> [apiv2][query] POST https://upload-firebasehosting.googleapis.com/upload/sites/mhuri-money/versions/60e1873f2658bc74/files/3d03325c127ce3139eed848dab5a8eaf3d9ce41fa447bd70149f84cd0986321a [none]
[debug] [2026-09-30T09:11:03.416Z] >>> [apiv2][body] POST https://upload-firebasehosting.googleapis.com/upload/sites/mhuri-money/versions/60e1873f2658bc74/files/3d03325c127ce3139eed848dab5a8eaf3d9ce41fa447bd70149f84cd0986321a [stream]
[debug] [2026-09-30T09:11:03.420Z] >>> [apiv2][query] POST https://upload-firebasehosting.googleapis.com/upload/sites/mhuri-money/versions/60e1873f2658bc74/files/02d67123736d0888a2a3efe7ac96f4f1268d337ce91ccbaa3397a97355f900fe [none]
[debug] [2026-09-30T09:11:03.420Z] >>> [apiv2][body] POST https://upload-firebasehosting.googleapis.com/upload/sites/mhuri-money/versions/60e1873f2658bc74/files/02d67123736d0888a2a3efe7ac96f4f1268d337ce91ccbaa3397a97355f900fe [stream]
[debug] [2026-09-30T09:11:03.422Z] [hosting][populate queue][FINAL] {"max":1009,"min":1009,"avg":1009,"active":0,"complete":1,"success":1,"errored":0,"retried":0,"total":1,"elapsed":1015}
[debug] [2026-09-30T09:11:03.422Z] [hosting] uploads queued: 2
[info] i  hosting: uploading new files [0/2] (0%) 
[debug] [2026-09-30T09:11:05.033Z] <<< [apiv2][status] POST https://upload-firebasehosting.googleapis.com/upload/sites/mhuri-money/versions/60e1873f2658bc74/files/02d67123736d0888a2a3efe7ac96f4f1268d337ce91ccbaa3397a97355f900fe 200
[debug] [2026-09-30T09:11:05.033Z] <<< [apiv2][body] POST https://upload-firebasehosting.googleapis.com/upload/sites/mhuri-money/versions/60e1873f2658bc74/files/02d67123736d0888a2a3efe7ac96f4f1268d337ce91ccbaa3397a97355f900fe [stream]
[debug] [2026-09-30T09:11:05.256Z] <<< [apiv2][status] POST https://upload-firebasehosting.googleapis.com/upload/sites/mhuri-money/versions/60e1873f2658bc74/files/3d03325c127ce3139eed848dab5a8eaf3d9ce41fa447bd70149f84cd0986321a 200
[debug] [2026-09-30T09:11:05.256Z] <<< [apiv2][body] POST https://upload-firebasehosting.googleapis.com/upload/sites/mhuri-money/versions/60e1873f2658bc74/files/3d03325c127ce3139eed848dab5a8eaf3d9ce41fa447bd70149f84cd0986321a [stream]
[debug] [2026-09-30T09:11:05.256Z] [hosting][upload queue][FINAL] {"max":1842,"min":1618,"avg":1730,"active":0,"complete":2,"success":2,"errored":0,"retried":0,"total":2,"elapsed":1842}
[info] i  hosting: upload complete 
[info] ✔  hosting[mhuri-money]: file upload complete 
[debug] [2026-09-30T09:11:05.256Z] [hosting] deploy completed after 2858ms
[debug] [2026-09-30T09:11:05.256Z] [
  {
    "config": {
      "public": "hosting/public",
      "ignore": [
        "firebase.json",
        "**/.*",
        "**/node_modules/**"
      ],
      "cleanUrls": true,
      "trailingSlash": false,
      "headers": [
        {
          "source": "**",
          "headers": [
            {
              "key": "X-Content-Type-Options",
              "value": "nosniff"
            },
            {
              "key": "Referrer-Policy",
              "value": "strict-origin-when-cross-origin"
            },
            {
              "key": "X-Frame-Options",
              "value": "DENY"
            }
          ]
        }
      ],
      "site": "mhuri-money"
    },
    "version": "projects/383203942042/sites/mhuri-money/versions/60e1873f2658bc74"
  }
]
[info] i  hosting[mhuri-money]: finalizing version... 
[debug] [2026-09-30T09:11:05.259Z] Checked if tokens are valid: true, expires at: 1790763054051
[debug] [2026-09-30T09:11:05.259Z] Checked if tokens are valid: true, expires at: 1790763054051
[debug] [2026-09-30T09:11:05.259Z] >>> [apiv2][query] PATCH https://firebasehosting.googleapis.com/v1beta1/projects/-/sites/mhuri-money/versions/60e1873f2658bc74 updateMask=status%2Cconfig
[debug] [2026-09-30T09:11:05.259Z] >>> [apiv2][body] PATCH https://firebasehosting.googleapis.com/v1beta1/projects/-/sites/mhuri-money/versions/60e1873f2658bc74 {"status":"FINALIZED","config":{"headers":[{"glob":"**","headers":{"X-Content-Type-Options":"nosniff","Referrer-Policy":"strict-origin-when-cross-origin","X-Frame-Options":"DENY"}}],"cleanUrls":true,"trailingSlashBehavior":"REMOVE"}}
[debug] [2026-09-30T09:11:06.956Z] <<< [apiv2][status] PATCH https://firebasehosting.googleapis.com/v1beta1/projects/-/sites/mhuri-money/versions/60e1873f2658bc74 200
[debug] [2026-09-30T09:11:06.956Z] <<< [apiv2][body] PATCH https://firebasehosting.googleapis.com/v1beta1/projects/-/sites/mhuri-money/versions/60e1873f2658bc74 {"name":"projects/383203942042/sites/mhuri-money/versions/60e1873f2658bc74","status":"FINALIZED","config":{"headers":[{"headers":{"Referrer-Policy":"strict-origin-when-cross-origin","X-Frame-Options":"DENY","X-Content-Type-Options":"nosniff"},"glob":"**"}],"cleanUrls":true,"trailingSlashBehavior":"REMOVE"},"labels":{"deployment-tool":"cli-firebase"},"createTime":"2026-09-30T09:11:01.226995Z","createUser":{"email":"codzlabzim53@gmail.com"},"finalizeTime":"2026-09-30T09:11:06.642027Z","finalizeUser":{"email":"codzlabzim53@gmail.com"}}
[debug] [2026-09-30T09:11:06.956Z] [hosting] finalized version for mhuri-money:[object Object]
[info] ✔  hosting[mhuri-money]: version finalized 
[info] i  hosting[mhuri-money]: releasing new version... 
[debug] [2026-09-30T09:11:06.957Z] [hosting] releasing to channel: landing-preview
[debug] [2026-09-30T09:11:06.957Z] Checked if tokens are valid: true, expires at: 1790763054051
[debug] [2026-09-30T09:11:06.957Z] Checked if tokens are valid: true, expires at: 1790763054051
[debug] [2026-09-30T09:11:06.958Z] >>> [apiv2][query] POST https://firebasehosting.googleapis.com/v1beta1/projects/-/sites/mhuri-money/channels/landing-preview/releases versionName=projects%2F383203942042%2Fsites%2Fmhuri-money%2Fversions%2F60e1873f2658bc74
[debug] [2026-09-30T09:11:06.959Z] >>> [apiv2][body] POST https://firebasehosting.googleapis.com/v1beta1/projects/-/sites/mhuri-money/channels/landing-preview/releases {}
[debug] [2026-09-30T09:11:08.335Z] <<< [apiv2][status] POST https://firebasehosting.googleapis.com/v1beta1/projects/-/sites/mhuri-money/channels/landing-preview/releases 200
[debug] [2026-09-30T09:11:08.336Z] <<< [apiv2][body] POST https://firebasehosting.googleapis.com/v1beta1/projects/-/sites/mhuri-money/channels/landing-preview/releases {"name":"projects/383203942042/sites/mhuri-money/channels/landing-preview/releases/1790759467045000","version":{"name":"projects/383203942042/sites/mhuri-money/versions/60e1873f2658bc74","status":"FINALIZED","config":{"headers":[{"headers":{"X-Content-Type-Options":"nosniff","Referrer-Policy":"strict-origin-when-cross-origin","X-Frame-Options":"DENY"},"glob":"**"}],"cleanUrls":true,"trailingSlashBehavior":"REMOVE"},"labels":{"deployment-tool":"cli-firebase"},"createTime":"2026-09-30T09:11:01.226995Z","createUser":{"email":"codzlabzim53@gmail.com","imageUrl":"https://lh3.googleusercontent.com/a/ACg8ocKIq6B9rxbqoiO7r7Wr4bSw3PklHYTT70YQrwJ5MgDaKH8UJco"},"finalizeTime":"2026-09-30T09:11:06.642027Z","finalizeUser":{"email":"codzlabzim53@gmail.com","imageUrl":"https://lh3.googleusercontent.com/a/ACg8ocKIq6B9rxbqoiO7r7Wr4bSw3PklHYTT70YQrwJ5MgDaKH8UJco"}},"type":"DEPLOY","releaseTime":"2026-09-30T09:11:07.045Z","releaseUser":{"email":"codzlabzim53@gmail.com","imageUrl":"https://lh3.googleusercontent.com/a/ACg8ocKIq6B9rxbqoiO7r7Wr4bSw3PklHYTT70YQrwJ5MgDaKH8UJco"}}
[debug] [2026-09-30T09:11:08.336Z] [hosting] release: {"name":"projects/383203942042/sites/mhuri-money/channels/landing-preview/releases/1790759467045000","version":{"name":"projects/383203942042/sites/mhuri-money/versions/60e1873f2658bc74","status":"FINALIZED","config":{"headers":[{"headers":{"X-Content-Type-Options":"nosniff","Referrer-Policy":"strict-origin-when-cross-origin","X-Frame-Options":"DENY"},"glob":"**"}],"cleanUrls":true,"trailingSlashBehavior":"REMOVE"},"labels":{"deployment-tool":"cli-firebase"},"createTime":"2026-09-30T09:11:01.226995Z","createUser":{"email":"codzlabzim53@gmail.com","imageUrl":"https://lh3.googleusercontent.com/a/ACg8ocKIq6B9rxbqoiO7r7Wr4bSw3PklHYTT70YQrwJ5MgDaKH8UJco"},"finalizeTime":"2026-09-30T09:11:06.642027Z","finalizeUser":{"email":"codzlabzim53@gmail.com","imageUrl":"https://lh3.googleusercontent.com/a/ACg8ocKIq6B9rxbqoiO7r7Wr4bSw3PklHYTT70YQrwJ5MgDaKH8UJco"}},"type":"DEPLOY","releaseTime":"2026-09-30T09:11:07.045Z","releaseUser":{"email":"codzlabzim53@gmail.com","imageUrl":"https://lh3.googleusercontent.com/a/ACg8ocKIq6B9rxbqoiO7r7Wr4bSw3PklHYTT70YQrwJ5MgDaKH8UJco"}}
[info] ✔  hosting[mhuri-money]: release complete 
[info] 
[info] ✔  Deploy complete! 
[info] 
[info] Project Console: https://console.firebase.google.com/project/mhuri-money/overview
[info] Hosting URL: https://mhuri-money.web.app
[debug] [2026-09-30T09:11:08.341Z] Checked if tokens are valid: true, expires at: 1790763054051
[debug] [2026-09-30T09:11:08.341Z] Checked if tokens are valid: true, expires at: 1790763054051
[debug] [2026-09-30T09:11:08.342Z] >>> [apiv2][query] GET https://identitytoolkit.googleapis.com/admin/v2/projects/mhuri-money/config [none]
[debug] [2026-09-30T09:11:08.342Z] >>> [apiv2][(partial)header] GET https://identitytoolkit.googleapis.com/admin/v2/projects/mhuri-money/config  x-goog-user-project=mhuri-money
[debug] [2026-09-30T09:11:09.010Z] <<< [apiv2][status] GET https://identitytoolkit.googleapis.com/admin/v2/projects/mhuri-money/config 404
[debug] [2026-09-30T09:11:09.011Z] <<< [apiv2][body] GET https://identitytoolkit.googleapis.com/admin/v2/projects/mhuri-money/config {"error":{"code":404,"message":"CONFIGURATION_NOT_FOUND","status":"NOT_FOUND"}}
[warn] ⚠  hosting:channel: Unable to add channel domain to Firebase Auth. Visit the Firebase Console at https://console.firebase.google.com/project/mhuri-money/authentication/providers

 
[debug] [2026-09-30T09:11:09.030Z] [hosting] unable to add auth domain Request to https://identitytoolkit.googleapis.com/admin/v2/projects/mhuri-money/config had HTTP Error: 404, CONFIGURATION_NOT_FOUND {"name":"FirebaseError","children":[],"context":{"body":{"error":{"code":404,"message":"CONFIGURATION_NOT_FOUND","status":"NOT_FOUND"}},"response":{"statusCode":404}},"exit":1,"message":"Request to https://identitytoolkit.googleapis.com/admin/v2/projects/mhuri-money/config had HTTP Error: 404, CONFIGURATION_NOT_FOUND","status":404}
[debug] [2026-09-30T09:11:09.031Z] Checked if tokens are valid: true, expires at: 1790763054051
[debug] [2026-09-30T09:11:09.031Z] Checked if tokens are valid: true, expires at: 1790763054051
[debug] [2026-09-30T09:11:09.031Z] >>> [apiv2][query] GET https://firebasehosting.googleapis.com/v1beta1/projects/mhuri-money/sites/mhuri-money/channels pageToken=&pageSize=10
[debug] [2026-09-30T09:11:10.043Z] <<< [apiv2][status] GET https://firebasehosting.googleapis.com/v1beta1/projects/mhuri-money/sites/mhuri-money/channels 200
[debug] [2026-09-30T09:11:10.044Z] <<< [apiv2][body] GET https://firebasehosting.googleapis.com/v1beta1/projects/mhuri-money/sites/mhuri-money/channels {"channels":[{"name":"projects/mhuri-money/sites/mhuri-money/channels/landing-preview","url":"https://mhuri-money--landing-preview-2jfyf3ld.web.app","release":{"name":"projects/mhuri-money/sites/mhuri-money/channels/landing-preview/releases/1790759467045000","version":{"name":"projects/mhuri-money/sites/mhuri-money/versions/60e1873f2658bc74","status":"FINALIZED","config":{"headers":[{"headers":{"X-Frame-Options":"DENY","X-Content-Type-Options":"nosniff","Referrer-Policy":"strict-origin-when-cross-origin"},"glob":"**"}],"cleanUrls":true,"trailingSlashBehavior":"REMOVE"},"labels":{"deployment-tool":"cli-firebase"},"createTime":"2026-09-30T09:11:01.226995Z","createUser":{"email":"codzlabzim53@gmail.com"},"finalizeTime":"2026-09-30T09:11:06.642027Z","finalizeUser":{"email":"codzlabzim53@gmail.com"}},"type":"DEPLOY","releaseTime":"2026-09-30T09:11:07.045Z","releaseUser":{"email":"codzlabzim53@gmail.com"}},"createTime":"2026-09-30T09:10:59.248583923Z","updateTime":"2026-09-30T09:11:07.045Z","retainedReleaseCount":10,"expireTime":"2026-10-01T09:10:59.248583923Z"},{"name":"projects/mhuri-money/sites/mhuri-money/channels/live","url":"https://mhuri-money.web.app","release":{"name":"projects/mhuri-money/sites/mhuri-money/channels/live/releases/1790758340315000","version":{"name":"projects/mhuri-money/sites/mhuri-money/versions/a09711d0c0954a76","status":"FINALIZED","config":{"headers":[{"headers":{"X-Frame-Options":"DENY","X-Content-Type-Options":"nosniff","Referrer-Policy":"strict-origin-when-cross-origin"},"glob":"**"}],"cleanUrls":true,"trailingSlashBehavior":"REMOVE"},"labels":{"deployment-tool":"cli-firebase"},"createTime":"2026-09-30T08:52:12.633699Z","createUser":{"email":"codzlabzim53@gmail.com"},"finalizeTime":"2026-09-30T08:52:19.900200Z","finalizeUser":{"email":"codzlabzim53@gmail.com"},"fileCount":"7","versionBytes":"6353"},"type":"DEPLOY","releaseTime":"2026-09-30T08:52:20.315Z","releaseUser":{"email":"codzlabzim53@gmail.com"}},"createTime":"2026-09-30T08:43:12.861376055Z","updateTime":"2026-09-30T08:52:20.315Z","retainedReleaseCount":2147483647}]}
[debug] [2026-09-30T09:11:10.044Z] Checked if tokens are valid: true, expires at: 1790763054051
[debug] [2026-09-30T09:11:10.044Z] Checked if tokens are valid: true, expires at: 1790763054051
[debug] [2026-09-30T09:11:10.045Z] >>> [apiv2][query] GET https://identitytoolkit.googleapis.com/admin/v2/projects/mhuri-money/config [none]
[debug] [2026-09-30T09:11:10.045Z] >>> [apiv2][(partial)header] GET https://identitytoolkit.googleapis.com/admin/v2/projects/mhuri-money/config  x-goog-user-project=mhuri-money
[debug] [2026-09-30T09:11:10.402Z] <<< [apiv2][status] GET https://identitytoolkit.googleapis.com/admin/v2/projects/mhuri-money/config 404
[debug] [2026-09-30T09:14:33.374Z] ----------------------------------------------------------------------
[debug] [2026-09-30T09:14:33.376Z] Command:       /Users/mac/.nvm/versions/node/v24.18.0/bin/node /Users/mac/.nvm/versions/node/v24.18.0/bin/firebase hosting:channel:deploy landing-preview --project mhuri-money --expires 1d
[debug] [2026-09-30T09:14:33.376Z] CLI Version:   15.22.4
[debug] [2026-09-30T09:14:33.376Z] Platform:      darwin
[debug] [2026-09-30T09:14:33.376Z] Node Version:  v24.18.0
[debug] [2026-09-30T09:14:33.376Z] Detected Agent: codex_cli
[debug] [2026-09-30T09:14:33.376Z] Time:          Wed Sep 30 2026 11:14:33 GMT+0200 (Central Africa Time)
[debug] [2026-09-30T09:14:33.376Z] ----------------------------------------------------------------------
[debug] 
[debug] [2026-09-30T09:14:34.093Z] > command requires scopes: ["email","openid","https://www.googleapis.com/auth/cloudplatformprojects.readonly","https://www.googleapis.com/auth/firebase","https://www.googleapis.com/auth/cloud-platform"]
[debug] [2026-09-30T09:14:34.093Z] > authorizing via signed-in user (codzlabzim53@gmail.com)
[debug] [2026-09-30T09:14:34.093Z] [iam] checking project mhuri-money for permissions ["firebase.projects.get","firebasehosting.sites.update"]
[debug] [2026-09-30T09:14:34.094Z] Checked if tokens are valid: true, expires at: 1790763054051
[debug] [2026-09-30T09:14:34.094Z] Checked if tokens are valid: true, expires at: 1790763054051
[debug] [2026-09-30T09:14:34.095Z] >>> [apiv2][query] POST https://cloudresourcemanager.googleapis.com/v1/projects/mhuri-money:testIamPermissions [none]
[debug] [2026-09-30T09:14:34.095Z] >>> [apiv2][(partial)header] POST https://cloudresourcemanager.googleapis.com/v1/projects/mhuri-money:testIamPermissions  x-goog-user-project=mhuri-money
[debug] [2026-09-30T09:14:34.095Z] >>> [apiv2][body] POST https://cloudresourcemanager.googleapis.com/v1/projects/mhuri-money:testIamPermissions {"permissions":["firebase.projects.get","firebasehosting.sites.update"]}
[debug] [2026-09-30T09:14:35.823Z] <<< [apiv2][status] POST https://cloudresourcemanager.googleapis.com/v1/projects/mhuri-money:testIamPermissions 200
[debug] [2026-09-30T09:14:35.824Z] <<< [apiv2][body] POST https://cloudresourcemanager.googleapis.com/v1/projects/mhuri-money:testIamPermissions {"permissions":["firebase.projects.get","firebasehosting.sites.update"]}
[debug] [2026-09-30T09:14:35.824Z] Checked if tokens are valid: true, expires at: 1790763054051
[debug] [2026-09-30T09:14:35.825Z] Checked if tokens are valid: true, expires at: 1790763054051
[debug] [2026-09-30T09:14:35.825Z] >>> [apiv2][query] GET https://firebase.googleapis.com/v1beta1/projects/mhuri-money [none]
[debug] [2026-09-30T09:14:36.626Z] <<< [apiv2][status] GET https://firebase.googleapis.com/v1beta1/projects/mhuri-money 200
[debug] [2026-09-30T09:14:36.626Z] <<< [apiv2][body] GET https://firebase.googleapis.com/v1beta1/projects/mhuri-money {"projectId":"mhuri-money","projectNumber":"383203942042","displayName":"Mhuri Money","name":"projects/mhuri-money","resources":{"hostingSite":"mhuri-money"},"state":"ACTIVE","labels":{"firebase":"enabled"},"etag":"1_87d97d34-3433-4b93-96fd-4ce946800983"}
[debug] [2026-09-30T09:14:36.627Z] Expires TTL: 86400000
[debug] [2026-09-30T09:14:36.629Z] Checked if tokens are valid: true, expires at: 1790763054051
[debug] [2026-09-30T09:14:36.629Z] Checked if tokens are valid: true, expires at: 1790763054051
[debug] [2026-09-30T09:14:36.630Z] >>> [apiv2][query] GET https://firebasehosting.googleapis.com/v1beta1/projects/mhuri-money/sites/mhuri-money/channels/landing-preview [none]
[debug] [2026-09-30T09:14:38.475Z] <<< [apiv2][status] GET https://firebasehosting.googleapis.com/v1beta1/projects/mhuri-money/sites/mhuri-money/channels/landing-preview 200
[debug] [2026-09-30T09:14:38.475Z] <<< [apiv2][body] GET https://firebasehosting.googleapis.com/v1beta1/projects/mhuri-money/sites/mhuri-money/channels/landing-preview {"name":"projects/mhuri-money/sites/mhuri-money/channels/landing-preview","url":"https://mhuri-money--landing-preview-2jfyf3ld.web.app","release":{"name":"projects/mhuri-money/sites/mhuri-money/channels/landing-preview/releases/1790759467045000","version":{"name":"projects/mhuri-money/sites/mhuri-money/versions/60e1873f2658bc74","status":"FINALIZED","config":{"headers":[{"headers":{"X-Content-Type-Options":"nosniff","Referrer-Policy":"strict-origin-when-cross-origin","X-Frame-Options":"DENY"},"glob":"**"}],"cleanUrls":true,"trailingSlashBehavior":"REMOVE"},"labels":{"deployment-tool":"cli-firebase"},"createTime":"2026-09-30T09:11:01.226995Z","createUser":{"email":"codzlabzim53@gmail.com"},"finalizeTime":"2026-09-30T09:11:06.642027Z","finalizeUser":{"email":"codzlabzim53@gmail.com"},"fileCount":"7","versionBytes":"11345"},"type":"DEPLOY","releaseTime":"2026-09-30T09:11:07.045Z","releaseUser":{"email":"codzlabzim53@gmail.com"}},"createTime":"2026-09-30T09:10:59.248583923Z","updateTime":"2026-09-30T09:11:07.045Z","retainedReleaseCount":10,"expireTime":"2026-10-01T09:10:59.248583923Z"}
[debug] [2026-09-30T09:14:38.475Z] [hosting] found existing channel for site mhuri-money {"name":"projects/mhuri-money/sites/mhuri-money/channels/landing-preview","url":"https://mhuri-money--landing-preview-2jfyf3ld.web.app","release":{"name":"projects/mhuri-money/sites/mhuri-money/channels/landing-preview/releases/1790759467045000","version":{"name":"projects/mhuri-money/sites/mhuri-money/versions/60e1873f2658bc74","status":"FINALIZED","config":{"headers":[{"headers":{"X-Content-Type-Options":"nosniff","Referrer-Policy":"strict-origin-when-cross-origin","X-Frame-Options":"DENY"},"glob":"**"}],"cleanUrls":true,"trailingSlashBehavior":"REMOVE"},"labels":{"deployment-tool":"cli-firebase"},"createTime":"2026-09-30T09:11:01.226995Z","createUser":{"email":"codzlabzim53@gmail.com"},"finalizeTime":"2026-09-30T09:11:06.642027Z","finalizeUser":{"email":"codzlabzim53@gmail.com"},"fileCount":"7","versionBytes":"11345"},"type":"DEPLOY","releaseTime":"2026-09-30T09:11:07.045Z","releaseUser":{"email":"codzlabzim53@gmail.com"}},"createTime":"2026-09-30T09:10:59.248583923Z","updateTime":"2026-09-30T09:11:07.045Z","retainedReleaseCount":10,"expireTime":"2026-10-01T09:10:59.248583923Z"}
[debug] [2026-09-30T09:14:38.475Z] Checked if tokens are valid: true, expires at: 1790763054051
[debug] [2026-09-30T09:14:38.475Z] Checked if tokens are valid: true, expires at: 1790763054051
[debug] [2026-09-30T09:14:38.475Z] >>> [apiv2][query] PATCH https://firebasehosting.googleapis.com/v1beta1/projects/mhuri-money/sites/mhuri-money/channels/landing-preview updateMask=ttl
[debug] [2026-09-30T09:14:38.476Z] >>> [apiv2][body] PATCH https://firebasehosting.googleapis.com/v1beta1/projects/mhuri-money/sites/mhuri-money/channels/landing-preview {"ttl":"86400s"}
[debug] [2026-09-30T09:14:39.746Z] <<< [apiv2][status] PATCH https://firebasehosting.googleapis.com/v1beta1/projects/mhuri-money/sites/mhuri-money/channels/landing-preview 200
[debug] [2026-09-30T09:14:39.747Z] <<< [apiv2][body] PATCH https://firebasehosting.googleapis.com/v1beta1/projects/mhuri-money/sites/mhuri-money/channels/landing-preview {"name":"projects/mhuri-money/sites/mhuri-money/channels/landing-preview","url":"https://mhuri-money--landing-preview-2jfyf3ld.web.app","release":{"name":"projects/mhuri-money/sites/mhuri-money/channels/landing-preview/releases/1790759467045000","version":{"name":"projects/mhuri-money/sites/mhuri-money/versions/60e1873f2658bc74","status":"FINALIZED","config":{"headers":[{"headers":{"X-Content-Type-Options":"nosniff","Referrer-Policy":"strict-origin-when-cross-origin","X-Frame-Options":"DENY"},"glob":"**"}],"cleanUrls":true,"trailingSlashBehavior":"REMOVE"},"labels":{"deployment-tool":"cli-firebase"},"createTime":"2026-09-30T09:11:01.226995Z","createUser":{"email":"codzlabzim53@gmail.com"},"finalizeTime":"2026-09-30T09:11:06.642027Z","finalizeUser":{"email":"codzlabzim53@gmail.com"},"fileCount":"7","versionBytes":"11345"},"type":"DEPLOY","releaseTime":"2026-09-30T09:11:07.045Z","releaseUser":{"email":"codzlabzim53@gmail.com"}},"createTime":"2026-09-30T09:10:59.248583923Z","updateTime":"2026-09-30T09:14:38.999987225Z","retainedReleaseCount":10,"expireTime":"2026-10-01T09:14:38.999987225Z"}
[debug] [2026-09-30T09:14:39.747Z] [hosting] updated TTL for existing channel for site mhuri-money {"name":"projects/mhuri-money/sites/mhuri-money/channels/landing-preview","url":"https://mhuri-money--landing-preview-2jfyf3ld.web.app","release":{"name":"projects/mhuri-money/sites/mhuri-money/channels/landing-preview/releases/1790759467045000","version":{"name":"projects/mhuri-money/sites/mhuri-money/versions/60e1873f2658bc74","status":"FINALIZED","config":{"headers":[{"headers":{"X-Content-Type-Options":"nosniff","Referrer-Policy":"strict-origin-when-cross-origin","X-Frame-Options":"DENY"},"glob":"**"}],"cleanUrls":true,"trailingSlashBehavior":"REMOVE"},"labels":{"deployment-tool":"cli-firebase"},"createTime":"2026-09-30T09:11:01.226995Z","createUser":{"email":"codzlabzim53@gmail.com"},"finalizeTime":"2026-09-30T09:11:06.642027Z","finalizeUser":{"email":"codzlabzim53@gmail.com"},"fileCount":"7","versionBytes":"11345"},"type":"DEPLOY","releaseTime":"2026-09-30T09:11:07.045Z","releaseUser":{"email":"codzlabzim53@gmail.com"}},"createTime":"2026-09-30T09:10:59.248583923Z","updateTime":"2026-09-30T09:14:38.999987225Z","retainedReleaseCount":10,"expireTime":"2026-10-01T09:14:38.999987225Z"}
[info] 
[info] === Deploying to 'mhuri-money'...
[info] 
[info] i  deploying hosting 
[debug] [2026-09-30T09:14:39.752Z] Checked if tokens are valid: true, expires at: 1790763054051
[debug] [2026-09-30T09:14:39.752Z] Checked if tokens are valid: true, expires at: 1790763054051
[debug] [2026-09-30T09:14:39.752Z] >>> [apiv2][query] GET https://firebasehosting.googleapis.com/v1beta1/projects/mhuri-money/sites/mhuri-money [none]
[debug] [2026-09-30T09:14:40.891Z] <<< [apiv2][status] GET https://firebasehosting.googleapis.com/v1beta1/projects/mhuri-money/sites/mhuri-money 200
[debug] [2026-09-30T09:14:40.891Z] <<< [apiv2][body] GET https://firebasehosting.googleapis.com/v1beta1/projects/mhuri-money/sites/mhuri-money {"name":"projects/mhuri-money/sites/mhuri-money","defaultUrl":"https://mhuri-money.web.app","type":"DEFAULT_SITE"}
[debug] [2026-09-30T09:14:40.893Z] Checked if tokens are valid: true, expires at: 1790763054051
[debug] [2026-09-30T09:14:40.893Z] Checked if tokens are valid: true, expires at: 1790763054051
[debug] [2026-09-30T09:14:40.894Z] >>> [apiv2][query] POST https://firebasehosting.googleapis.com/v1beta1/projects/-/sites/mhuri-money/versions [none]
[debug] [2026-09-30T09:14:40.894Z] >>> [apiv2][body] POST https://firebasehosting.googleapis.com/v1beta1/projects/-/sites/mhuri-money/versions {"status":"CREATED","labels":{"deployment-tool":"cli-firebase"}}
[debug] [2026-09-30T09:14:42.524Z] <<< [apiv2][status] POST https://firebasehosting.googleapis.com/v1beta1/projects/-/sites/mhuri-money/versions 200
[debug] [2026-09-30T09:14:42.524Z] <<< [apiv2][body] POST https://firebasehosting.googleapis.com/v1beta1/projects/-/sites/mhuri-money/versions {"name":"projects/383203942042/sites/mhuri-money/versions/996f41d1ce140b5a","status":"CREATED","config":{},"labels":{"deployment-tool":"cli-firebase"}}
[info] i  hosting[mhuri-money]: beginning deploy... 
[info] i  hosting[mhuri-money]: found 5 files in hosting/public 
[debug] [2026-09-30T09:14:42.537Z] [hosting] uploading with 200 concurrency
[debug] [2026-09-30T09:14:42.542Z] Checked if tokens are valid: true, expires at: 1790763054051
[debug] [2026-09-30T09:14:42.542Z] Checked if tokens are valid: true, expires at: 1790763054051
[debug] [2026-09-30T09:14:42.542Z] [hosting] hash cache [aG9zdGluZy9wdWJsaWM] stored for 5 files
[debug] [2026-09-30T09:14:42.542Z] [hosting][hash queue][FINAL] {"max":2,"min":1,"avg":1.2,"active":0,"complete":5,"success":5,"errored":0,"retried":0,"total":5,"elapsed":4}
[debug] [2026-09-30T09:14:42.543Z] >>> [apiv2][query] POST https://firebasehosting.googleapis.com/v1beta1/projects/383203942042/sites/mhuri-money/versions/996f41d1ce140b5a:populateFiles [none]
[debug] [2026-09-30T09:14:42.543Z] >>> [apiv2][body] POST https://firebasehosting.googleapis.com/v1beta1/projects/383203942042/sites/mhuri-money/versions/996f41d1ce140b5a:populateFiles {"files":{"/index.html":"02d67123736d0888a2a3efe7ac96f4f1268d337ce91ccbaa3397a97355f900fe","/terms/index.html":"0cbd55f6b595773261561f873d7233ce262e1a57642c257e67ac7f457884b162","/privacy/index.html":"0f3ddabe83bb9f5d6926a6b1d0be2a16ea23b028df2ae8ab4aa450e99fd580ba","/delete-account/index.html":"b0b74f5c519206e2fde7366bb2c9904a8e4f8340618c65253155177885f9e3e1","/styles.css":"550ffc60f5b3f21577fd195f91381d15c770cf52a0995d1b877b387c8f02cce1"}}
[debug] [2026-09-30T09:14:43.443Z] <<< [apiv2][status] POST https://firebasehosting.googleapis.com/v1beta1/projects/383203942042/sites/mhuri-money/versions/996f41d1ce140b5a:populateFiles 200
[debug] [2026-09-30T09:14:43.444Z] <<< [apiv2][body] POST https://firebasehosting.googleapis.com/v1beta1/projects/383203942042/sites/mhuri-money/versions/996f41d1ce140b5a:populateFiles {"uploadRequiredHashes":["550ffc60f5b3f21577fd195f91381d15c770cf52a0995d1b877b387c8f02cce1"],"uploadUrl":"https://upload-firebasehosting.googleapis.com/upload/sites/mhuri-money/versions/996f41d1ce140b5a/files"}
[debug] [2026-09-30T09:14:43.444Z] Checked if tokens are valid: true, expires at: 1790763054051
[debug] [2026-09-30T09:14:43.444Z] Checked if tokens are valid: true, expires at: 1790763054051
[debug] [2026-09-30T09:14:43.444Z] >>> [apiv2][query] POST https://upload-firebasehosting.googleapis.com/upload/sites/mhuri-money/versions/996f41d1ce140b5a/files/550ffc60f5b3f21577fd195f91381d15c770cf52a0995d1b877b387c8f02cce1 [none]
[debug] [2026-09-30T09:14:43.444Z] >>> [apiv2][body] POST https://upload-firebasehosting.googleapis.com/upload/sites/mhuri-money/versions/996f41d1ce140b5a/files/550ffc60f5b3f21577fd195f91381d15c770cf52a0995d1b877b387c8f02cce1 [stream]
[debug] [2026-09-30T09:14:43.446Z] [hosting][populate queue][FINAL] {"max":902,"min":902,"avg":902,"active":0,"complete":1,"success":1,"errored":0,"retried":0,"total":1,"elapsed":905}
[debug] [2026-09-30T09:14:43.446Z] [hosting] uploads queued: 1
[info] i  hosting: uploading new files [0/1] (0%) 
[debug] [2026-09-30T09:14:44.982Z] <<< [apiv2][status] POST https://upload-firebasehosting.googleapis.com/upload/sites/mhuri-money/versions/996f41d1ce140b5a/files/550ffc60f5b3f21577fd195f91381d15c770cf52a0995d1b877b387c8f02cce1 200
[debug] [2026-09-30T09:14:44.982Z] <<< [apiv2][body] POST https://upload-firebasehosting.googleapis.com/upload/sites/mhuri-money/versions/996f41d1ce140b5a/files/550ffc60f5b3f21577fd195f91381d15c770cf52a0995d1b877b387c8f02cce1 [stream]
[debug] [2026-09-30T09:14:44.982Z] [hosting][upload queue][FINAL] {"max":1538,"min":1538,"avg":1538,"active":0,"complete":1,"success":1,"errored":0,"retried":0,"total":1,"elapsed":1538}
[info] i  hosting: upload complete 
[info] ✔  hosting[mhuri-money]: file upload complete 
[debug] [2026-09-30T09:14:44.983Z] [hosting] deploy completed after 2456ms
[debug] [2026-09-30T09:14:44.984Z] [
  {
    "config": {
      "public": "hosting/public",
      "ignore": [
        "firebase.json",
        "**/.*",
        "**/node_modules/**"
      ],
      "cleanUrls": true,
      "trailingSlash": false,
      "headers": [
        {
          "source": "**",
          "headers": [
            {
              "key": "X-Content-Type-Options",
              "value": "nosniff"
            },
            {
              "key": "Referrer-Policy",
              "value": "strict-origin-when-cross-origin"
            },
            {
              "key": "X-Frame-Options",
              "value": "DENY"
            }
          ]
        }
      ],
      "site": "mhuri-money"
    },
    "version": "projects/383203942042/sites/mhuri-money/versions/996f41d1ce140b5a"
  }
]
[info] i  hosting[mhuri-money]: finalizing version... 
[debug] [2026-09-30T09:14:44.986Z] Checked if tokens are valid: true, expires at: 1790763054051
[debug] [2026-09-30T09:14:44.986Z] Checked if tokens are valid: true, expires at: 1790763054051
[debug] [2026-09-30T09:14:44.987Z] >>> [apiv2][query] PATCH https://firebasehosting.googleapis.com/v1beta1/projects/-/sites/mhuri-money/versions/996f41d1ce140b5a updateMask=status%2Cconfig
[debug] [2026-09-30T09:14:44.987Z] >>> [apiv2][body] PATCH https://firebasehosting.googleapis.com/v1beta1/projects/-/sites/mhuri-money/versions/996f41d1ce140b5a {"status":"FINALIZED","config":{"headers":[{"glob":"**","headers":{"X-Content-Type-Options":"nosniff","Referrer-Policy":"strict-origin-when-cross-origin","X-Frame-Options":"DENY"}}],"cleanUrls":true,"trailingSlashBehavior":"REMOVE"}}
[debug] [2026-09-30T09:14:46.520Z] <<< [apiv2][status] PATCH https://firebasehosting.googleapis.com/v1beta1/projects/-/sites/mhuri-money/versions/996f41d1ce140b5a 200
[debug] [2026-09-30T09:14:46.521Z] <<< [apiv2][body] PATCH https://firebasehosting.googleapis.com/v1beta1/projects/-/sites/mhuri-money/versions/996f41d1ce140b5a {"name":"projects/383203942042/sites/mhuri-money/versions/996f41d1ce140b5a","status":"FINALIZED","config":{"headers":[{"headers":{"X-Content-Type-Options":"nosniff","Referrer-Policy":"strict-origin-when-cross-origin","X-Frame-Options":"DENY"},"glob":"**"}],"cleanUrls":true,"trailingSlashBehavior":"REMOVE"},"labels":{"deployment-tool":"cli-firebase"},"createTime":"2026-09-30T09:14:41.475980Z","createUser":{"email":"codzlabzim53@gmail.com"},"finalizeTime":"2026-09-30T09:14:46.247642Z","finalizeUser":{"email":"codzlabzim53@gmail.com"}}
[debug] [2026-09-30T09:14:46.521Z] [hosting] finalized version for mhuri-money:[object Object]
[info] ✔  hosting[mhuri-money]: version finalized 
[info] i  hosting[mhuri-money]: releasing new version... 
[debug] [2026-09-30T09:14:46.521Z] [hosting] releasing to channel: landing-preview
[debug] [2026-09-30T09:14:46.521Z] Checked if tokens are valid: true, expires at: 1790763054051
[debug] [2026-09-30T09:14:46.521Z] Checked if tokens are valid: true, expires at: 1790763054051
[debug] [2026-09-30T09:14:46.522Z] >>> [apiv2][query] POST https://firebasehosting.googleapis.com/v1beta1/projects/-/sites/mhuri-money/channels/landing-preview/releases versionName=projects%2F383203942042%2Fsites%2Fmhuri-money%2Fversions%2F996f41d1ce140b5a
[debug] [2026-09-30T09:14:46.522Z] >>> [apiv2][body] POST https://firebasehosting.googleapis.com/v1beta1/projects/-/sites/mhuri-money/channels/landing-preview/releases {}
[debug] [2026-09-30T09:14:48.222Z] <<< [apiv2][status] POST https://firebasehosting.googleapis.com/v1beta1/projects/-/sites/mhuri-money/channels/landing-preview/releases 200
[debug] [2026-09-30T09:14:48.223Z] <<< [apiv2][body] POST https://firebasehosting.googleapis.com/v1beta1/projects/-/sites/mhuri-money/channels/landing-preview/releases {"name":"projects/383203942042/sites/mhuri-money/channels/landing-preview/releases/1790759686897000","version":{"name":"projects/383203942042/sites/mhuri-money/versions/996f41d1ce140b5a","status":"FINALIZED","config":{"headers":[{"headers":{"X-Content-Type-Options":"nosniff","Referrer-Policy":"strict-origin-when-cross-origin","X-Frame-Options":"DENY"},"glob":"**"}],"cleanUrls":true,"trailingSlashBehavior":"REMOVE"},"labels":{"deployment-tool":"cli-firebase"},"createTime":"2026-09-30T09:14:41.475980Z","createUser":{"email":"codzlabzim53@gmail.com","imageUrl":"https://lh3.googleusercontent.com/a/ACg8ocKIq6B9rxbqoiO7r7Wr4bSw3PklHYTT70YQrwJ5MgDaKH8UJco"},"finalizeTime":"2026-09-30T09:14:46.247642Z","finalizeUser":{"email":"codzlabzim53@gmail.com","imageUrl":"https://lh3.googleusercontent.com/a/ACg8ocKIq6B9rxbqoiO7r7Wr4bSw3PklHYTT70YQrwJ5MgDaKH8UJco"}},"type":"DEPLOY","releaseTime":"2026-09-30T09:14:46.897Z","releaseUser":{"email":"codzlabzim53@gmail.com","imageUrl":"https://lh3.googleusercontent.com/a/ACg8ocKIq6B9rxbqoiO7r7Wr4bSw3PklHYTT70YQrwJ5MgDaKH8UJco"}}
[debug] [2026-09-30T09:14:48.223Z] [hosting] release: {"name":"projects/383203942042/sites/mhuri-money/channels/landing-preview/releases/1790759686897000","version":{"name":"projects/383203942042/sites/mhuri-money/versions/996f41d1ce140b5a","status":"FINALIZED","config":{"headers":[{"headers":{"X-Content-Type-Options":"nosniff","Referrer-Policy":"strict-origin-when-cross-origin","X-Frame-Options":"DENY"},"glob":"**"}],"cleanUrls":true,"trailingSlashBehavior":"REMOVE"},"labels":{"deployment-tool":"cli-firebase"},"createTime":"2026-09-30T09:14:41.475980Z","createUser":{"email":"codzlabzim53@gmail.com","imageUrl":"https://lh3.googleusercontent.com/a/ACg8ocKIq6B9rxbqoiO7r7Wr4bSw3PklHYTT70YQrwJ5MgDaKH8UJco"},"finalizeTime":"2026-09-30T09:14:46.247642Z","finalizeUser":{"email":"codzlabzim53@gmail.com","imageUrl":"https://lh3.googleusercontent.com/a/ACg8ocKIq6B9rxbqoiO7r7Wr4bSw3PklHYTT70YQrwJ5MgDaKH8UJco"}},"type":"DEPLOY","releaseTime":"2026-09-30T09:14:46.897Z","releaseUser":{"email":"codzlabzim53@gmail.com","imageUrl":"https://lh3.googleusercontent.com/a/ACg8ocKIq6B9rxbqoiO7r7Wr4bSw3PklHYTT70YQrwJ5MgDaKH8UJco"}}
[info] ✔  hosting[mhuri-money]: release complete 
[info] 
[info] ✔  Deploy complete! 
[info] 
[info] Project Console: https://console.firebase.google.com/project/mhuri-money/overview
[info] Hosting URL: https://mhuri-money.web.app
[debug] [2026-09-30T09:14:48.228Z] Checked if tokens are valid: true, expires at: 1790763054051
[debug] [2026-09-30T09:14:48.228Z] Checked if tokens are valid: true, expires at: 1790763054051
[debug] [2026-09-30T09:14:48.228Z] >>> [apiv2][query] GET https://identitytoolkit.googleapis.com/admin/v2/projects/mhuri-money/config [none]
[debug] [2026-09-30T09:14:48.228Z] >>> [apiv2][(partial)header] GET https://identitytoolkit.googleapis.com/admin/v2/projects/mhuri-money/config  x-goog-user-project=mhuri-money
[debug] [2026-09-30T09:14:48.877Z] <<< [apiv2][status] GET https://identitytoolkit.googleapis.com/admin/v2/projects/mhuri-money/config 404
[debug] [2026-09-30T09:14:48.877Z] <<< [apiv2][body] GET https://identitytoolkit.googleapis.com/admin/v2/projects/mhuri-money/config {"error":{"code":404,"message":"CONFIGURATION_NOT_FOUND","status":"NOT_FOUND"}}
[warn] ⚠  hosting:channel: Unable to add channel domain to Firebase Auth. Visit the Firebase Console at https://console.firebase.google.com/project/mhuri-money/authentication/providers

 
[debug] [2026-09-30T09:14:48.897Z] [hosting] unable to add auth domain Request to https://identitytoolkit.googleapis.com/admin/v2/projects/mhuri-money/config had HTTP Error: 404, CONFIGURATION_NOT_FOUND {"name":"FirebaseError","children":[],"context":{"body":{"error":{"code":404,"message":"CONFIGURATION_NOT_FOUND","status":"NOT_FOUND"}},"response":{"statusCode":404}},"exit":1,"message":"Request to https://identitytoolkit.googleapis.com/admin/v2/projects/mhuri-money/config had HTTP Error: 404, CONFIGURATION_NOT_FOUND","status":404}
[debug] [2026-09-30T09:14:48.898Z] Checked if tokens are valid: true, expires at: 1790763054051
[debug] [2026-09-30T09:14:48.898Z] Checked if tokens are valid: true, expires at: 1790763054051
[debug] [2026-09-30T09:14:48.898Z] >>> [apiv2][query] GET https://firebasehosting.googleapis.com/v1beta1/projects/mhuri-money/sites/mhuri-money/channels pageToken=&pageSize=10
[debug] [2026-09-30T09:14:49.980Z] <<< [apiv2][status] GET https://firebasehosting.googleapis.com/v1beta1/projects/mhuri-money/sites/mhuri-money/channels 200
[debug] [2026-09-30T09:14:49.981Z] <<< [apiv2][body] GET https://firebasehosting.googleapis.com/v1beta1/projects/mhuri-money/sites/mhuri-money/channels {"channels":[{"name":"projects/mhuri-money/sites/mhuri-money/channels/landing-preview","url":"https://mhuri-money--landing-preview-2jfyf3ld.web.app","release":{"name":"projects/mhuri-money/sites/mhuri-money/channels/landing-preview/releases/1790759686897000","version":{"name":"projects/mhuri-money/sites/mhuri-money/versions/996f41d1ce140b5a","status":"FINALIZED","config":{"headers":[{"headers":{"X-Frame-Options":"DENY","X-Content-Type-Options":"nosniff","Referrer-Policy":"strict-origin-when-cross-origin"},"glob":"**"}],"cleanUrls":true,"trailingSlashBehavior":"REMOVE"},"labels":{"deployment-tool":"cli-firebase"},"createTime":"2026-09-30T09:14:41.475980Z","createUser":{"email":"codzlabzim53@gmail.com"},"finalizeTime":"2026-09-30T09:14:46.247642Z","finalizeUser":{"email":"codzlabzim53@gmail.com"}},"type":"DEPLOY","releaseTime":"2026-09-30T09:14:46.897Z","releaseUser":{"email":"codzlabzim53@gmail.com"}},"createTime":"2026-09-30T09:10:59.248583923Z","updateTime":"2026-09-30T09:14:46.897Z","retainedReleaseCount":10,"expireTime":"2026-10-01T09:14:38.999987225Z"},{"name":"projects/mhuri-money/sites/mhuri-money/channels/live","url":"https://mhuri-money.web.app","release":{"name":"projects/mhuri-money/sites/mhuri-money/channels/live/releases/1790758340315000","version":{"name":"projects/mhuri-money/sites/mhuri-money/versions/a09711d0c0954a76","status":"FINALIZED","config":{"headers":[{"headers":{"X-Content-Type-Options":"nosniff","Referrer-Policy":"strict-origin-when-cross-origin","X-Frame-Options":"DENY"},"glob":"**"}],"cleanUrls":true,"trailingSlashBehavior":"REMOVE"},"labels":{"deployment-tool":"cli-firebase"},"createTime":"2026-09-30T08:52:12.633699Z","createUser":{"email":"codzlabzim53@gmail.com"},"finalizeTime":"2026-09-30T08:52:19.900200Z","finalizeUser":{"email":"codzlabzim53@gmail.com"},"fileCount":"7","versionBytes":"6353"},"type":"DEPLOY","releaseTime":"2026-09-30T08:52:20.315Z","releaseUser":{"email":"codzlabzim53@gmail.com"}},"createTime":"2026-09-30T08:43:12.861376055Z","updateTime":"2026-09-30T08:52:20.315Z","retainedReleaseCount":2147483647}]}
[debug] [2026-09-30T09:14:49.981Z] Checked if tokens are valid: true, expires at: 1790763054051
[debug] [2026-09-30T09:14:49.981Z] Checked if tokens are valid: true, expires at: 1790763054051
[debug] [2026-09-30T09:14:49.982Z] >>> [apiv2][query] GET https://identitytoolkit.googleapis.com/admin/v2/projects/mhuri-money/config [none]
[debug] [2026-09-30T09:14:49.982Z] >>> [apiv2][(partial)header] GET https://identitytoolkit.googleapis.com/admin/v2/projects/mhuri-money/config  x-goog-user-project=mhuri-money
[debug] [2026-09-30T09:14:50.322Z] <<< [apiv2][status] GET https://identitytoolkit.googleapis.com/admin/v2/projects/mhuri-money/config 404
[debug] [2026-09-30T09:15:56.034Z] ----------------------------------------------------------------------
[debug] [2026-09-30T09:15:56.036Z] Command:       /Users/mac/.nvm/versions/node/v24.18.0/bin/node /Users/mac/.nvm/versions/node/v24.18.0/bin/firebase deploy --only hosting --project mhuri-money
[debug] [2026-09-30T09:15:56.036Z] CLI Version:   15.22.4
[debug] [2026-09-30T09:15:56.036Z] Platform:      darwin
[debug] [2026-09-30T09:15:56.036Z] Node Version:  v24.18.0
[debug] [2026-09-30T09:15:56.036Z] Detected Agent: codex_cli
[debug] [2026-09-30T09:15:56.036Z] Time:          Wed Sep 30 2026 11:15:56 GMT+0200 (Central Africa Time)
[debug] [2026-09-30T09:15:56.036Z] ----------------------------------------------------------------------
[debug] 
[debug] [2026-09-30T09:15:56.727Z] > command requires scopes: ["email","openid","https://www.googleapis.com/auth/cloudplatformprojects.readonly","https://www.googleapis.com/auth/firebase","https://www.googleapis.com/auth/cloud-platform"]
[debug] [2026-09-30T09:15:56.728Z] > authorizing via signed-in user (codzlabzim53@gmail.com)
[debug] [2026-09-30T09:15:56.728Z] [iam] checking project mhuri-money for permissions ["firebase.projects.get","firebasehosting.sites.update"]
[debug] [2026-09-30T09:15:56.728Z] Checked if tokens are valid: true, expires at: 1790763054051
[debug] [2026-09-30T09:15:56.728Z] Checked if tokens are valid: true, expires at: 1790763054051
[debug] [2026-09-30T09:15:56.729Z] >>> [apiv2][query] POST https://cloudresourcemanager.googleapis.com/v1/projects/mhuri-money:testIamPermissions [none]
[debug] [2026-09-30T09:15:56.729Z] >>> [apiv2][(partial)header] POST https://cloudresourcemanager.googleapis.com/v1/projects/mhuri-money:testIamPermissions  x-goog-user-project=mhuri-money
[debug] [2026-09-30T09:15:56.729Z] >>> [apiv2][body] POST https://cloudresourcemanager.googleapis.com/v1/projects/mhuri-money:testIamPermissions {"permissions":["firebase.projects.get","firebasehosting.sites.update"]}
[debug] [2026-09-30T09:15:58.552Z] <<< [apiv2][status] POST https://cloudresourcemanager.googleapis.com/v1/projects/mhuri-money:testIamPermissions 200
[debug] [2026-09-30T09:15:58.552Z] <<< [apiv2][body] POST https://cloudresourcemanager.googleapis.com/v1/projects/mhuri-money:testIamPermissions {"permissions":["firebase.projects.get","firebasehosting.sites.update"]}
[debug] [2026-09-30T09:15:58.553Z] Checked if tokens are valid: true, expires at: 1790763054051
[debug] [2026-09-30T09:15:58.553Z] Checked if tokens are valid: true, expires at: 1790763054051
[debug] [2026-09-30T09:15:58.554Z] >>> [apiv2][query] GET https://firebase.googleapis.com/v1beta1/projects/mhuri-money [none]
[debug] [2026-09-30T09:15:59.242Z] <<< [apiv2][status] GET https://firebase.googleapis.com/v1beta1/projects/mhuri-money 200
[debug] [2026-09-30T09:15:59.243Z] <<< [apiv2][body] GET https://firebase.googleapis.com/v1beta1/projects/mhuri-money {"projectId":"mhuri-money","projectNumber":"383203942042","displayName":"Mhuri Money","name":"projects/mhuri-money","resources":{"hostingSite":"mhuri-money"},"state":"ACTIVE","labels":{"firebase":"enabled"},"etag":"1_87d97d34-3433-4b93-96fd-4ce946800983"}
[info] 
[info] === Deploying to 'mhuri-money'...
[info] 
[info] i  deploying hosting 
[debug] [2026-09-30T09:15:59.247Z] Checked if tokens are valid: true, expires at: 1790763054051
[debug] [2026-09-30T09:15:59.247Z] Checked if tokens are valid: true, expires at: 1790763054051
[debug] [2026-09-30T09:15:59.248Z] >>> [apiv2][query] GET https://firebasehosting.googleapis.com/v1beta1/projects/mhuri-money/sites/mhuri-money [none]
[debug] [2026-09-30T09:16:01.397Z] <<< [apiv2][status] GET https://firebasehosting.googleapis.com/v1beta1/projects/mhuri-money/sites/mhuri-money 200
[debug] [2026-09-30T09:16:01.398Z] <<< [apiv2][body] GET https://firebasehosting.googleapis.com/v1beta1/projects/mhuri-money/sites/mhuri-money {"name":"projects/mhuri-money/sites/mhuri-money","defaultUrl":"https://mhuri-money.web.app","type":"DEFAULT_SITE"}
[debug] [2026-09-30T09:16:01.400Z] Checked if tokens are valid: true, expires at: 1790763054051
[debug] [2026-09-30T09:16:01.400Z] Checked if tokens are valid: true, expires at: 1790763054051
[debug] [2026-09-30T09:16:01.401Z] >>> [apiv2][query] POST https://firebasehosting.googleapis.com/v1beta1/projects/-/sites/mhuri-money/versions [none]
[debug] [2026-09-30T09:16:01.401Z] >>> [apiv2][body] POST https://firebasehosting.googleapis.com/v1beta1/projects/-/sites/mhuri-money/versions {"status":"CREATED","labels":{"deployment-tool":"cli-firebase"}}
[debug] [2026-09-30T09:16:03.070Z] <<< [apiv2][status] POST https://firebasehosting.googleapis.com/v1beta1/projects/-/sites/mhuri-money/versions 200
[debug] [2026-09-30T09:16:03.071Z] <<< [apiv2][body] POST https://firebasehosting.googleapis.com/v1beta1/projects/-/sites/mhuri-money/versions {"name":"projects/383203942042/sites/mhuri-money/versions/428caa7945aa69fb","status":"CREATED","config":{},"labels":{"deployment-tool":"cli-firebase"}}
[info] i  hosting[mhuri-money]: beginning deploy... 
[info] i  hosting[mhuri-money]: found 5 files in hosting/public 
[debug] [2026-09-30T09:16:03.079Z] [hosting] uploading with 200 concurrency
[debug] [2026-09-30T09:16:03.081Z] Checked if tokens are valid: true, expires at: 1790763054051
[debug] [2026-09-30T09:16:03.081Z] Checked if tokens are valid: true, expires at: 1790763054051
[debug] [2026-09-30T09:16:03.082Z] [hosting] hash cache [aG9zdGluZy9wdWJsaWM] stored for 5 files
[debug] [2026-09-30T09:16:03.087Z] [hosting][hash queue][FINAL] {"max":0,"min":0,"avg":0,"active":0,"complete":5,"success":5,"errored":0,"retried":0,"total":5,"elapsed":6}
[debug] [2026-09-30T09:16:03.087Z] >>> [apiv2][query] POST https://firebasehosting.googleapis.com/v1beta1/projects/383203942042/sites/mhuri-money/versions/428caa7945aa69fb:populateFiles [none]
[debug] [2026-09-30T09:16:03.087Z] >>> [apiv2][body] POST https://firebasehosting.googleapis.com/v1beta1/projects/383203942042/sites/mhuri-money/versions/428caa7945aa69fb:populateFiles {"files":{"/styles.css":"550ffc60f5b3f21577fd195f91381d15c770cf52a0995d1b877b387c8f02cce1","/index.html":"02d67123736d0888a2a3efe7ac96f4f1268d337ce91ccbaa3397a97355f900fe","/terms/index.html":"0cbd55f6b595773261561f873d7233ce262e1a57642c257e67ac7f457884b162","/privacy/index.html":"0f3ddabe83bb9f5d6926a6b1d0be2a16ea23b028df2ae8ab4aa450e99fd580ba","/delete-account/index.html":"b0b74f5c519206e2fde7366bb2c9904a8e4f8340618c65253155177885f9e3e1"}}
[debug] [2026-09-30T09:16:03.985Z] <<< [apiv2][status] POST https://firebasehosting.googleapis.com/v1beta1/projects/383203942042/sites/mhuri-money/versions/428caa7945aa69fb:populateFiles 200
[debug] [2026-09-30T09:16:03.985Z] <<< [apiv2][body] POST https://firebasehosting.googleapis.com/v1beta1/projects/383203942042/sites/mhuri-money/versions/428caa7945aa69fb:populateFiles {"uploadUrl":"https://upload-firebasehosting.googleapis.com/upload/sites/mhuri-money/versions/428caa7945aa69fb/files"}
[debug] [2026-09-30T09:16:03.986Z] [hosting][populate queue][FINAL] {"max":905,"min":905,"avg":905,"active":0,"complete":1,"success":1,"errored":0,"retried":0,"total":1,"elapsed":905}
[debug] [2026-09-30T09:16:03.986Z] [hosting] uploads queued: 0
[debug] [2026-09-30T09:16:03.986Z] [hosting][upload queue][FINAL] {"max":0,"min":9999999999,"avg":0,"active":0,"complete":0,"success":0,"errored":0,"retried":0,"total":0,"elapsed":1790759763986}
[info] i  hosting: upload complete 
[info] ✔  hosting[mhuri-money]: file upload complete 
[debug] [2026-09-30T09:16:03.987Z] [hosting] deploy completed after 915ms
[debug] [2026-09-30T09:16:03.988Z] [
  {
    "config": {
      "public": "hosting/public",
      "ignore": [
        "firebase.json",
        "**/.*",
        "**/node_modules/**"
      ],
      "cleanUrls": true,
      "trailingSlash": false,
      "headers": [
        {
          "source": "**",
          "headers": [
            {
              "key": "X-Content-Type-Options",
              "value": "nosniff"
            },
            {
              "key": "Referrer-Policy",
              "value": "strict-origin-when-cross-origin"
            },
            {
              "key": "X-Frame-Options",
              "value": "DENY"
            }
          ]
        }
      ],
      "site": "mhuri-money"
    },
    "version": "projects/383203942042/sites/mhuri-money/versions/428caa7945aa69fb"
  }
]
[info] i  hosting[mhuri-money]: finalizing version... 
[debug] [2026-09-30T09:16:03.991Z] Checked if tokens are valid: true, expires at: 1790763054051
[debug] [2026-09-30T09:16:03.992Z] Checked if tokens are valid: true, expires at: 1790763054051
[debug] [2026-09-30T09:16:03.992Z] >>> [apiv2][query] PATCH https://firebasehosting.googleapis.com/v1beta1/projects/-/sites/mhuri-money/versions/428caa7945aa69fb updateMask=status%2Cconfig
[debug] [2026-09-30T09:16:03.992Z] >>> [apiv2][body] PATCH https://firebasehosting.googleapis.com/v1beta1/projects/-/sites/mhuri-money/versions/428caa7945aa69fb {"status":"FINALIZED","config":{"headers":[{"glob":"**","headers":{"X-Content-Type-Options":"nosniff","Referrer-Policy":"strict-origin-when-cross-origin","X-Frame-Options":"DENY"}}],"cleanUrls":true,"trailingSlashBehavior":"REMOVE"}}
[debug] [2026-09-30T09:16:05.569Z] <<< [apiv2][status] PATCH https://firebasehosting.googleapis.com/v1beta1/projects/-/sites/mhuri-money/versions/428caa7945aa69fb 200
[debug] [2026-09-30T09:16:05.569Z] <<< [apiv2][body] PATCH https://firebasehosting.googleapis.com/v1beta1/projects/-/sites/mhuri-money/versions/428caa7945aa69fb {"name":"projects/383203942042/sites/mhuri-money/versions/428caa7945aa69fb","status":"FINALIZED","config":{"headers":[{"headers":{"X-Content-Type-Options":"nosniff","Referrer-Policy":"strict-origin-when-cross-origin","X-Frame-Options":"DENY"},"glob":"**"}],"cleanUrls":true,"trailingSlashBehavior":"REMOVE"},"labels":{"deployment-tool":"cli-firebase"},"createTime":"2026-09-30T09:16:01.995252Z","createUser":{"email":"codzlabzim53@gmail.com"},"finalizeTime":"2026-09-30T09:16:05.263607Z","finalizeUser":{"email":"codzlabzim53@gmail.com"}}
[debug] [2026-09-30T09:16:05.569Z] [hosting] finalized version for mhuri-money:[object Object]
[info] ✔  hosting[mhuri-money]: version finalized 
[info] i  hosting[mhuri-money]: releasing new version... 
[debug] [2026-09-30T09:16:05.570Z] Checked if tokens are valid: true, expires at: 1790763054051
[debug] [2026-09-30T09:16:05.570Z] Checked if tokens are valid: true, expires at: 1790763054051
[debug] [2026-09-30T09:16:05.570Z] >>> [apiv2][query] POST https://firebasehosting.googleapis.com/v1beta1/projects/-/sites/mhuri-money/channels/live/releases versionName=projects%2F383203942042%2Fsites%2Fmhuri-money%2Fversions%2F428caa7945aa69fb
[debug] [2026-09-30T09:16:05.570Z] >>> [apiv2][body] POST https://firebasehosting.googleapis.com/v1beta1/projects/-/sites/mhuri-money/channels/live/releases {}
[debug] [2026-09-30T09:16:07.194Z] <<< [apiv2][status] POST https://firebasehosting.googleapis.com/v1beta1/projects/-/sites/mhuri-money/channels/live/releases 200
[debug] [2026-09-30T09:23:37.475Z] ----------------------------------------------------------------------
[debug] [2026-09-30T09:23:37.477Z] Command:       /Users/mac/.nvm/versions/node/v24.18.0/bin/node /Users/mac/.nvm/versions/node/v24.18.0/bin/firebase deploy --only hosting --project mhuri-money
[debug] [2026-09-30T09:23:37.477Z] CLI Version:   15.22.4
[debug] [2026-09-30T09:23:37.477Z] Platform:      darwin
[debug] [2026-09-30T09:23:37.477Z] Node Version:  v24.18.0
[debug] [2026-09-30T09:23:37.477Z] Detected Agent: codex_cli
[debug] [2026-09-30T09:23:37.477Z] Time:          Wed Sep 30 2026 11:23:37 GMT+0200 (Central Africa Time)
[debug] [2026-09-30T09:23:37.477Z] ----------------------------------------------------------------------
[debug] 
[debug] [2026-09-30T09:23:38.269Z] > command requires scopes: ["email","openid","https://www.googleapis.com/auth/cloudplatformprojects.readonly","https://www.googleapis.com/auth/firebase","https://www.googleapis.com/auth/cloud-platform"]
[debug] [2026-09-30T09:23:38.270Z] > authorizing via signed-in user (codzlabzim53@gmail.com)
[debug] [2026-09-30T09:23:38.270Z] [iam] checking project mhuri-money for permissions ["firebase.projects.get","firebasehosting.sites.update"]
[debug] [2026-09-30T09:23:38.270Z] Checked if tokens are valid: true, expires at: 1790763054051
[debug] [2026-09-30T09:23:38.271Z] Checked if tokens are valid: true, expires at: 1790763054051
[debug] [2026-09-30T09:23:38.271Z] >>> [apiv2][query] POST https://cloudresourcemanager.googleapis.com/v1/projects/mhuri-money:testIamPermissions [none]
[debug] [2026-09-30T09:23:38.271Z] >>> [apiv2][(partial)header] POST https://cloudresourcemanager.googleapis.com/v1/projects/mhuri-money:testIamPermissions  x-goog-user-project=mhuri-money
[debug] [2026-09-30T09:23:38.271Z] >>> [apiv2][body] POST https://cloudresourcemanager.googleapis.com/v1/projects/mhuri-money:testIamPermissions {"permissions":["firebase.projects.get","firebasehosting.sites.update"]}
[debug] [2026-09-30T09:23:40.223Z] <<< [apiv2][status] POST https://cloudresourcemanager.googleapis.com/v1/projects/mhuri-money:testIamPermissions 200
[debug] [2026-09-30T09:23:40.223Z] <<< [apiv2][body] POST https://cloudresourcemanager.googleapis.com/v1/projects/mhuri-money:testIamPermissions {"permissions":["firebase.projects.get","firebasehosting.sites.update"]}
[debug] [2026-09-30T09:23:40.224Z] Checked if tokens are valid: true, expires at: 1790763054051
[debug] [2026-09-30T09:23:40.224Z] Checked if tokens are valid: true, expires at: 1790763054051
[debug] [2026-09-30T09:23:40.224Z] >>> [apiv2][query] GET https://firebase.googleapis.com/v1beta1/projects/mhuri-money [none]
[debug] [2026-09-30T09:23:40.984Z] <<< [apiv2][status] GET https://firebase.googleapis.com/v1beta1/projects/mhuri-money 200
[debug] [2026-09-30T09:23:40.984Z] <<< [apiv2][body] GET https://firebase.googleapis.com/v1beta1/projects/mhuri-money {"projectId":"mhuri-money","projectNumber":"383203942042","displayName":"Mhuri Money","name":"projects/mhuri-money","resources":{"hostingSite":"mhuri-money"},"state":"ACTIVE","labels":{"firebase":"enabled"},"etag":"1_87d97d34-3433-4b93-96fd-4ce946800983"}
[info] 
[info] === Deploying to 'mhuri-money'...
[info] 
[info] i  deploying hosting 
[debug] [2026-09-30T09:23:40.989Z] Checked if tokens are valid: true, expires at: 1790763054051
[debug] [2026-09-30T09:23:40.989Z] Checked if tokens are valid: true, expires at: 1790763054051
[debug] [2026-09-30T09:23:40.990Z] >>> [apiv2][query] GET https://firebasehosting.googleapis.com/v1beta1/projects/mhuri-money/sites/mhuri-money [none]
[debug] [2026-09-30T09:23:43.488Z] <<< [apiv2][status] GET https://firebasehosting.googleapis.com/v1beta1/projects/mhuri-money/sites/mhuri-money 200
[debug] [2026-09-30T09:23:43.489Z] <<< [apiv2][body] GET https://firebasehosting.googleapis.com/v1beta1/projects/mhuri-money/sites/mhuri-money {"name":"projects/mhuri-money/sites/mhuri-money","defaultUrl":"https://mhuri-money.web.app","type":"DEFAULT_SITE"}
[debug] [2026-09-30T09:23:43.489Z] Checked if tokens are valid: true, expires at: 1790763054051
[debug] [2026-09-30T09:23:43.489Z] Checked if tokens are valid: true, expires at: 1790763054051
[debug] [2026-09-30T09:23:43.489Z] >>> [apiv2][query] POST https://firebasehosting.googleapis.com/v1beta1/projects/-/sites/mhuri-money/versions [none]
[debug] [2026-09-30T09:23:43.489Z] >>> [apiv2][body] POST https://firebasehosting.googleapis.com/v1beta1/projects/-/sites/mhuri-money/versions {"status":"CREATED","labels":{"deployment-tool":"cli-firebase"}}
[debug] [2026-09-30T09:23:45.317Z] <<< [apiv2][status] POST https://firebasehosting.googleapis.com/v1beta1/projects/-/sites/mhuri-money/versions 200
[debug] [2026-09-30T09:23:45.318Z] <<< [apiv2][body] POST https://firebasehosting.googleapis.com/v1beta1/projects/-/sites/mhuri-money/versions {"name":"projects/383203942042/sites/mhuri-money/versions/9104f447d11c9cc3","status":"CREATED","config":{},"labels":{"deployment-tool":"cli-firebase"}}
[info] i  hosting[mhuri-money]: beginning deploy... 
[info] i  hosting[mhuri-money]: found 5 files in hosting/public 
[debug] [2026-09-30T09:23:45.337Z] [hosting] uploading with 200 concurrency
[debug] [2026-09-30T09:23:45.343Z] Checked if tokens are valid: true, expires at: 1790763054051
[debug] [2026-09-30T09:23:45.343Z] Checked if tokens are valid: true, expires at: 1790763054051
[debug] [2026-09-30T09:23:45.345Z] [hosting] hash cache [aG9zdGluZy9wdWJsaWM] stored for 5 files
[debug] [2026-09-30T09:23:45.345Z] [hosting][hash queue][FINAL] {"max":4,"min":1,"avg":2.8,"active":0,"complete":5,"success":5,"errored":0,"retried":0,"total":5,"elapsed":7}
[debug] [2026-09-30T09:23:45.345Z] >>> [apiv2][query] POST https://firebasehosting.googleapis.com/v1beta1/projects/383203942042/sites/mhuri-money/versions/9104f447d11c9cc3:populateFiles [none]
[debug] [2026-09-30T09:23:45.345Z] >>> [apiv2][body] POST https://firebasehosting.googleapis.com/v1beta1/projects/383203942042/sites/mhuri-money/versions/9104f447d11c9cc3:populateFiles {"files":{"/styles.css":"550ffc60f5b3f21577fd195f91381d15c770cf52a0995d1b877b387c8f02cce1","/delete-account/index.html":"790e0ab3626ce1d188128cb2eb60e51530384e3c7d8427c02798e593d8c228df","/privacy/index.html":"cf70cf71080255b368590073ccaaca44ca49ce6538cde2c3f654711a91b4656b","/index.html":"b601da7b3a32a23c3319784ee0ef2bc430bd3223c4f055dcb98ff4bfa43dd309","/terms/index.html":"bf974ec67556319c2d5856eb3f41594ab62b3efa451e3c12a45627ec2c02ef3a"}}
[debug] [2026-09-30T09:23:46.248Z] <<< [apiv2][status] POST https://firebasehosting.googleapis.com/v1beta1/projects/383203942042/sites/mhuri-money/versions/9104f447d11c9cc3:populateFiles 200
[debug] [2026-09-30T09:23:46.249Z] <<< [apiv2][body] POST https://firebasehosting.googleapis.com/v1beta1/projects/383203942042/sites/mhuri-money/versions/9104f447d11c9cc3:populateFiles {"uploadRequiredHashes":["cf70cf71080255b368590073ccaaca44ca49ce6538cde2c3f654711a91b4656b","b601da7b3a32a23c3319784ee0ef2bc430bd3223c4f055dcb98ff4bfa43dd309","bf974ec67556319c2d5856eb3f41594ab62b3efa451e3c12a45627ec2c02ef3a","790e0ab3626ce1d188128cb2eb60e51530384e3c7d8427c02798e593d8c228df"],"uploadUrl":"https://upload-firebasehosting.googleapis.com/upload/sites/mhuri-money/versions/9104f447d11c9cc3/files"}
[debug] [2026-09-30T09:23:46.250Z] Checked if tokens are valid: true, expires at: 1790763054051
[debug] [2026-09-30T09:23:46.250Z] Checked if tokens are valid: true, expires at: 1790763054051
[debug] [2026-09-30T09:23:46.250Z] Checked if tokens are valid: true, expires at: 1790763054051
[debug] [2026-09-30T09:23:46.250Z] Checked if tokens are valid: true, expires at: 1790763054051
[debug] [2026-09-30T09:23:46.251Z] Checked if tokens are valid: true, expires at: 1790763054051
[debug] [2026-09-30T09:23:46.251Z] Checked if tokens are valid: true, expires at: 1790763054051
[debug] [2026-09-30T09:23:46.252Z] Checked if tokens are valid: true, expires at: 1790763054051
[debug] [2026-09-30T09:23:46.252Z] Checked if tokens are valid: true, expires at: 1790763054051
[debug] [2026-09-30T09:23:46.252Z] >>> [apiv2][query] POST https://upload-firebasehosting.googleapis.com/upload/sites/mhuri-money/versions/9104f447d11c9cc3/files/cf70cf71080255b368590073ccaaca44ca49ce6538cde2c3f654711a91b4656b [none]
[debug] [2026-09-30T09:23:46.252Z] >>> [apiv2][body] POST https://upload-firebasehosting.googleapis.com/upload/sites/mhuri-money/versions/9104f447d11c9cc3/files/cf70cf71080255b368590073ccaaca44ca49ce6538cde2c3f654711a91b4656b [stream]
[debug] [2026-09-30T09:23:46.255Z] >>> [apiv2][query] POST https://upload-firebasehosting.googleapis.com/upload/sites/mhuri-money/versions/9104f447d11c9cc3/files/b601da7b3a32a23c3319784ee0ef2bc430bd3223c4f055dcb98ff4bfa43dd309 [none]
[debug] [2026-09-30T09:23:46.255Z] >>> [apiv2][body] POST https://upload-firebasehosting.googleapis.com/upload/sites/mhuri-money/versions/9104f447d11c9cc3/files/b601da7b3a32a23c3319784ee0ef2bc430bd3223c4f055dcb98ff4bfa43dd309 [stream]
[debug] [2026-09-30T09:23:46.256Z] >>> [apiv2][query] POST https://upload-firebasehosting.googleapis.com/upload/sites/mhuri-money/versions/9104f447d11c9cc3/files/bf974ec67556319c2d5856eb3f41594ab62b3efa451e3c12a45627ec2c02ef3a [none]
[debug] [2026-09-30T09:23:46.256Z] >>> [apiv2][body] POST https://upload-firebasehosting.googleapis.com/upload/sites/mhuri-money/versions/9104f447d11c9cc3/files/bf974ec67556319c2d5856eb3f41594ab62b3efa451e3c12a45627ec2c02ef3a [stream]
[debug] [2026-09-30T09:23:46.258Z] >>> [apiv2][query] POST https://upload-firebasehosting.googleapis.com/upload/sites/mhuri-money/versions/9104f447d11c9cc3/files/790e0ab3626ce1d188128cb2eb60e51530384e3c7d8427c02798e593d8c228df [none]
[debug] [2026-09-30T09:23:46.258Z] >>> [apiv2][body] POST https://upload-firebasehosting.googleapis.com/upload/sites/mhuri-money/versions/9104f447d11c9cc3/files/790e0ab3626ce1d188128cb2eb60e51530384e3c7d8427c02798e593d8c228df [stream]
[debug] [2026-09-30T09:23:46.259Z] [hosting][populate queue][FINAL] {"max":909,"min":909,"avg":909,"active":0,"complete":1,"success":1,"errored":0,"retried":0,"total":1,"elapsed":916}
[debug] [2026-09-30T09:23:46.260Z] [hosting] uploads queued: 4
[info] i  hosting: uploading new files [0/4] (0%) 
[debug] [2026-09-30T09:23:47.830Z] <<< [apiv2][status] POST https://upload-firebasehosting.googleapis.com/upload/sites/mhuri-money/versions/9104f447d11c9cc3/files/cf70cf71080255b368590073ccaaca44ca49ce6538cde2c3f654711a91b4656b 200
[debug] [2026-09-30T09:23:47.830Z] <<< [apiv2][body] POST https://upload-firebasehosting.googleapis.com/upload/sites/mhuri-money/versions/9104f447d11c9cc3/files/cf70cf71080255b368590073ccaaca44ca49ce6538cde2c3f654711a91b4656b [stream]
[debug] [2026-09-30T09:23:47.847Z] <<< [apiv2][status] POST https://upload-firebasehosting.googleapis.com/upload/sites/mhuri-money/versions/9104f447d11c9cc3/files/b601da7b3a32a23c3319784ee0ef2bc430bd3223c4f055dcb98ff4bfa43dd309 200
[debug] [2026-09-30T09:23:47.848Z] <<< [apiv2][body] POST https://upload-firebasehosting.googleapis.com/upload/sites/mhuri-money/versions/9104f447d11c9cc3/files/b601da7b3a32a23c3319784ee0ef2bc430bd3223c4f055dcb98ff4bfa43dd309 [stream]
[debug] [2026-09-30T09:23:47.922Z] <<< [apiv2][status] POST https://upload-firebasehosting.googleapis.com/upload/sites/mhuri-money/versions/9104f447d11c9cc3/files/bf974ec67556319c2d5856eb3f41594ab62b3efa451e3c12a45627ec2c02ef3a 200
[debug] [2026-09-30T09:23:47.922Z] <<< [apiv2][body] POST https://upload-firebasehosting.googleapis.com/upload/sites/mhuri-money/versions/9104f447d11c9cc3/files/bf974ec67556319c2d5856eb3f41594ab62b3efa451e3c12a45627ec2c02ef3a [stream]
[debug] [2026-09-30T09:23:48.031Z] <<< [apiv2][status] POST https://upload-firebasehosting.googleapis.com/upload/sites/mhuri-money/versions/9104f447d11c9cc3/files/790e0ab3626ce1d188128cb2eb60e51530384e3c7d8427c02798e593d8c228df 200
[debug] [2026-09-30T09:23:48.031Z] <<< [apiv2][body] POST https://upload-firebasehosting.googleapis.com/upload/sites/mhuri-money/versions/9104f447d11c9cc3/files/790e0ab3626ce1d188128cb2eb60e51530384e3c7d8427c02798e593d8c228df [stream]
[debug] [2026-09-30T09:23:48.031Z] [hosting][upload queue][FINAL] {"max":1780,"min":1581,"avg":1657.5,"active":0,"complete":4,"success":4,"errored":0,"retried":0,"total":4,"elapsed":1782}
[info] i  hosting: upload complete 
[info] ✔  hosting[mhuri-money]: file upload complete 
[debug] [2026-09-30T09:23:48.032Z] [hosting] deploy completed after 2710ms
[debug] [2026-09-30T09:23:48.032Z] [
  {
    "config": {
      "public": "hosting/public",
      "ignore": [
        "firebase.json",
        "**/.*",
        "**/node_modules/**"
      ],
      "cleanUrls": true,
      "trailingSlash": false,
      "headers": [
        {
          "source": "**/*.html",
          "headers": [
            {
              "key": "Cache-Control",
              "value": "no-cache, max-age=0, must-revalidate"
            }
          ]
        },
        {
          "source": "**",
          "headers": [
            {
              "key": "X-Content-Type-Options",
              "value": "nosniff"
            },
            {
              "key": "Referrer-Policy",
              "value": "strict-origin-when-cross-origin"
            },
            {
              "key": "X-Frame-Options",
              "value": "DENY"
            }
          ]
        }
      ],
      "site": "mhuri-money"
    },
    "version": "projects/383203942042/sites/mhuri-money/versions/9104f447d11c9cc3"
  }
]
[info] i  hosting[mhuri-money]: finalizing version... 
[debug] [2026-09-30T09:23:48.035Z] Checked if tokens are valid: true, expires at: 1790763054051
[debug] [2026-09-30T09:23:48.035Z] Checked if tokens are valid: true, expires at: 1790763054051
[debug] [2026-09-30T09:23:48.036Z] >>> [apiv2][query] PATCH https://firebasehosting.googleapis.com/v1beta1/projects/-/sites/mhuri-money/versions/9104f447d11c9cc3 updateMask=status%2Cconfig
[debug] [2026-09-30T09:23:48.036Z] >>> [apiv2][body] PATCH https://firebasehosting.googleapis.com/v1beta1/projects/-/sites/mhuri-money/versions/9104f447d11c9cc3 {"status":"FINALIZED","config":{"headers":[{"glob":"**/*.html","headers":{"Cache-Control":"no-cache, max-age=0, must-revalidate"}},{"glob":"**","headers":{"X-Content-Type-Options":"nosniff","Referrer-Policy":"strict-origin-when-cross-origin","X-Frame-Options":"DENY"}}],"cleanUrls":true,"trailingSlashBehavior":"REMOVE"}}
[debug] [2026-09-30T09:23:49.766Z] <<< [apiv2][status] PATCH https://firebasehosting.googleapis.com/v1beta1/projects/-/sites/mhuri-money/versions/9104f447d11c9cc3 200
[debug] [2026-09-30T09:23:49.766Z] <<< [apiv2][body] PATCH https://firebasehosting.googleapis.com/v1beta1/projects/-/sites/mhuri-money/versions/9104f447d11c9cc3 {"name":"projects/383203942042/sites/mhuri-money/versions/9104f447d11c9cc3","status":"FINALIZED","config":{"headers":[{"headers":{"Cache-Control":"no-cache, max-age=0, must-revalidate"},"glob":"**/*.html"},{"headers":{"Referrer-Policy":"strict-origin-when-cross-origin","X-Frame-Options":"DENY","X-Content-Type-Options":"nosniff"},"glob":"**"}],"cleanUrls":true,"trailingSlashBehavior":"REMOVE"},"labels":{"deployment-tool":"cli-firebase"},"createTime":"2026-09-30T09:23:44.167366Z","createUser":{"email":"codzlabzim53@gmail.com"},"finalizeTime":"2026-09-30T09:23:49.485866Z","finalizeUser":{"email":"codzlabzim53@gmail.com"}}
[debug] [2026-09-30T09:23:49.766Z] [hosting] finalized version for mhuri-money:[object Object]
[info] ✔  hosting[mhuri-money]: version finalized 
[info] i  hosting[mhuri-money]: releasing new version... 
[debug] [2026-09-30T09:23:49.767Z] Checked if tokens are valid: true, expires at: 1790763054051
[debug] [2026-09-30T09:23:49.767Z] Checked if tokens are valid: true, expires at: 1790763054051
[debug] [2026-09-30T09:23:49.767Z] >>> [apiv2][query] POST https://firebasehosting.googleapis.com/v1beta1/projects/-/sites/mhuri-money/channels/live/releases versionName=projects%2F383203942042%2Fsites%2Fmhuri-money%2Fversions%2F9104f447d11c9cc3
[debug] [2026-09-30T09:23:49.769Z] >>> [apiv2][body] POST https://firebasehosting.googleapis.com/v1beta1/projects/-/sites/mhuri-money/channels/live/releases {}
[debug] [2026-09-30T09:23:51.357Z] <<< [apiv2][status] POST https://firebasehosting.googleapis.com/v1beta1/projects/-/sites/mhuri-money/channels/live/releases 200
[debug] [2026-09-30T09:24:45.957Z] ----------------------------------------------------------------------
[debug] [2026-09-30T09:24:45.959Z] Command:       /Users/mac/.nvm/versions/node/v24.18.0/bin/node /Users/mac/.nvm/versions/node/v24.18.0/bin/firebase deploy --only hosting --project mhuri-money
[debug] [2026-09-30T09:24:45.959Z] CLI Version:   15.22.4
[debug] [2026-09-30T09:24:45.959Z] Platform:      darwin
[debug] [2026-09-30T09:24:45.959Z] Node Version:  v24.18.0
[debug] [2026-09-30T09:24:45.959Z] Detected Agent: codex_cli
[debug] [2026-09-30T09:24:45.959Z] Time:          Wed Sep 30 2026 11:24:45 GMT+0200 (Central Africa Time)
[debug] [2026-09-30T09:24:45.959Z] ----------------------------------------------------------------------
[debug] 
[debug] [2026-09-30T09:24:46.674Z] > command requires scopes: ["email","openid","https://www.googleapis.com/auth/cloudplatformprojects.readonly","https://www.googleapis.com/auth/firebase","https://www.googleapis.com/auth/cloud-platform"]
[debug] [2026-09-30T09:24:46.675Z] > authorizing via signed-in user (codzlabzim53@gmail.com)
[debug] [2026-09-30T09:24:46.675Z] [iam] checking project mhuri-money for permissions ["firebase.projects.get","firebasehosting.sites.update"]
[debug] [2026-09-30T09:24:46.675Z] Checked if tokens are valid: true, expires at: 1790763054051
[debug] [2026-09-30T09:24:46.675Z] Checked if tokens are valid: true, expires at: 1790763054051
[debug] [2026-09-30T09:24:46.676Z] >>> [apiv2][query] POST https://cloudresourcemanager.googleapis.com/v1/projects/mhuri-money:testIamPermissions [none]
[debug] [2026-09-30T09:24:46.676Z] >>> [apiv2][(partial)header] POST https://cloudresourcemanager.googleapis.com/v1/projects/mhuri-money:testIamPermissions  x-goog-user-project=mhuri-money
[debug] [2026-09-30T09:24:46.676Z] >>> [apiv2][body] POST https://cloudresourcemanager.googleapis.com/v1/projects/mhuri-money:testIamPermissions {"permissions":["firebase.projects.get","firebasehosting.sites.update"]}
[debug] [2026-09-30T09:24:48.469Z] <<< [apiv2][status] POST https://cloudresourcemanager.googleapis.com/v1/projects/mhuri-money:testIamPermissions 200
[debug] [2026-09-30T09:24:48.470Z] <<< [apiv2][body] POST https://cloudresourcemanager.googleapis.com/v1/projects/mhuri-money:testIamPermissions {"permissions":["firebase.projects.get","firebasehosting.sites.update"]}
[debug] [2026-09-30T09:24:48.471Z] Checked if tokens are valid: true, expires at: 1790763054051
[debug] [2026-09-30T09:24:48.471Z] Checked if tokens are valid: true, expires at: 1790763054051
[debug] [2026-09-30T09:24:48.471Z] >>> [apiv2][query] GET https://firebase.googleapis.com/v1beta1/projects/mhuri-money [none]
[debug] [2026-09-30T09:24:49.122Z] <<< [apiv2][status] GET https://firebase.googleapis.com/v1beta1/projects/mhuri-money 200
[debug] [2026-09-30T09:24:49.122Z] <<< [apiv2][body] GET https://firebase.googleapis.com/v1beta1/projects/mhuri-money {"projectId":"mhuri-money","projectNumber":"383203942042","displayName":"Mhuri Money","name":"projects/mhuri-money","resources":{"hostingSite":"mhuri-money"},"state":"ACTIVE","labels":{"firebase":"enabled"},"etag":"1_87d97d34-3433-4b93-96fd-4ce946800983"}
[info] 
[info] === Deploying to 'mhuri-money'...
[info] 
[info] i  deploying hosting 
[debug] [2026-09-30T09:24:49.128Z] Checked if tokens are valid: true, expires at: 1790763054051
[debug] [2026-09-30T09:24:49.129Z] Checked if tokens are valid: true, expires at: 1790763054051
[debug] [2026-09-30T09:24:49.129Z] >>> [apiv2][query] GET https://firebasehosting.googleapis.com/v1beta1/projects/mhuri-money/sites/mhuri-money [none]
[debug] [2026-09-30T09:24:51.215Z] <<< [apiv2][status] GET https://firebasehosting.googleapis.com/v1beta1/projects/mhuri-money/sites/mhuri-money 200
[debug] [2026-09-30T09:24:51.215Z] <<< [apiv2][body] GET https://firebasehosting.googleapis.com/v1beta1/projects/mhuri-money/sites/mhuri-money {"name":"projects/mhuri-money/sites/mhuri-money","defaultUrl":"https://mhuri-money.web.app","type":"DEFAULT_SITE"}
[debug] [2026-09-30T09:24:51.217Z] Checked if tokens are valid: true, expires at: 1790763054051
[debug] [2026-09-30T09:24:51.217Z] Checked if tokens are valid: true, expires at: 1790763054051
[debug] [2026-09-30T09:24:51.217Z] >>> [apiv2][query] POST https://firebasehosting.googleapis.com/v1beta1/projects/-/sites/mhuri-money/versions [none]
[debug] [2026-09-30T09:24:51.217Z] >>> [apiv2][body] POST https://firebasehosting.googleapis.com/v1beta1/projects/-/sites/mhuri-money/versions {"status":"CREATED","labels":{"deployment-tool":"cli-firebase"}}
[debug] [2026-09-30T09:24:52.567Z] <<< [apiv2][status] POST https://firebasehosting.googleapis.com/v1beta1/projects/-/sites/mhuri-money/versions 200
[debug] [2026-09-30T09:24:52.568Z] <<< [apiv2][body] POST https://firebasehosting.googleapis.com/v1beta1/projects/-/sites/mhuri-money/versions {"name":"projects/383203942042/sites/mhuri-money/versions/a3e250af26c46cb2","status":"CREATED","config":{},"labels":{"deployment-tool":"cli-firebase"}}
[info] i  hosting[mhuri-money]: beginning deploy... 
[info] i  hosting[mhuri-money]: found 5 files in hosting/public 
[debug] [2026-09-30T09:24:52.586Z] [hosting] uploading with 200 concurrency
[debug] [2026-09-30T09:24:52.588Z] Checked if tokens are valid: true, expires at: 1790763054051
[debug] [2026-09-30T09:24:52.589Z] Checked if tokens are valid: true, expires at: 1790763054051
[debug] [2026-09-30T09:24:52.589Z] [hosting] hash cache [aG9zdGluZy9wdWJsaWM] stored for 5 files
[debug] [2026-09-30T09:24:52.589Z] [hosting][hash queue][FINAL] {"max":0,"min":0,"avg":0,"active":0,"complete":5,"success":5,"errored":0,"retried":0,"total":5,"elapsed":2}
[debug] [2026-09-30T09:24:52.590Z] >>> [apiv2][query] POST https://firebasehosting.googleapis.com/v1beta1/projects/383203942042/sites/mhuri-money/versions/a3e250af26c46cb2:populateFiles [none]
[debug] [2026-09-30T09:24:52.590Z] >>> [apiv2][body] POST https://firebasehosting.googleapis.com/v1beta1/projects/383203942042/sites/mhuri-money/versions/a3e250af26c46cb2:populateFiles {"files":{"/styles.css":"550ffc60f5b3f21577fd195f91381d15c770cf52a0995d1b877b387c8f02cce1","/index.html":"b601da7b3a32a23c3319784ee0ef2bc430bd3223c4f055dcb98ff4bfa43dd309","/terms/index.html":"bf974ec67556319c2d5856eb3f41594ab62b3efa451e3c12a45627ec2c02ef3a","/privacy/index.html":"cf70cf71080255b368590073ccaaca44ca49ce6538cde2c3f654711a91b4656b","/delete-account/index.html":"790e0ab3626ce1d188128cb2eb60e51530384e3c7d8427c02798e593d8c228df"}}
[debug] [2026-09-30T09:24:53.610Z] <<< [apiv2][status] POST https://firebasehosting.googleapis.com/v1beta1/projects/383203942042/sites/mhuri-money/versions/a3e250af26c46cb2:populateFiles 200
[debug] [2026-09-30T09:24:53.611Z] <<< [apiv2][body] POST https://firebasehosting.googleapis.com/v1beta1/projects/383203942042/sites/mhuri-money/versions/a3e250af26c46cb2:populateFiles {"uploadUrl":"https://upload-firebasehosting.googleapis.com/upload/sites/mhuri-money/versions/a3e250af26c46cb2/files"}
[debug] [2026-09-30T09:24:53.611Z] [hosting][populate queue][FINAL] {"max":1023,"min":1023,"avg":1023,"active":0,"complete":1,"success":1,"errored":0,"retried":0,"total":1,"elapsed":1023}
[debug] [2026-09-30T09:24:53.611Z] [hosting] uploads queued: 0
[debug] [2026-09-30T09:24:53.611Z] [hosting][upload queue][FINAL] {"max":0,"min":9999999999,"avg":0,"active":0,"complete":0,"success":0,"errored":0,"retried":0,"total":0,"elapsed":1790760293611}
[info] i  hosting: upload complete 
[info] ✔  hosting[mhuri-money]: file upload complete 
[debug] [2026-09-30T09:24:53.612Z] [hosting] deploy completed after 1040ms
[debug] [2026-09-30T09:24:53.612Z] [
  {
    "config": {
      "public": "hosting/public",
      "ignore": [
        "firebase.json",
        "**/.*",
        "**/node_modules/**"
      ],
      "cleanUrls": true,
      "trailingSlash": false,
      "headers": [
        {
          "source": "**",
          "headers": [
            {
              "key": "Cache-Control",
              "value": "no-cache, max-age=0, must-revalidate"
            },
            {
              "key": "X-Content-Type-Options",
              "value": "nosniff"
            },
            {
              "key": "Referrer-Policy",
              "value": "strict-origin-when-cross-origin"
            },
            {
              "key": "X-Frame-Options",
              "value": "DENY"
            }
          ]
        }
      ],
      "site": "mhuri-money"
    },
    "version": "projects/383203942042/sites/mhuri-money/versions/a3e250af26c46cb2"
  }
]
[info] i  hosting[mhuri-money]: finalizing version... 
[debug] [2026-09-30T09:24:53.615Z] Checked if tokens are valid: true, expires at: 1790763054051
[debug] [2026-09-30T09:24:53.615Z] Checked if tokens are valid: true, expires at: 1790763054051
[debug] [2026-09-30T09:24:53.615Z] >>> [apiv2][query] PATCH https://firebasehosting.googleapis.com/v1beta1/projects/-/sites/mhuri-money/versions/a3e250af26c46cb2 updateMask=status%2Cconfig
[debug] [2026-09-30T09:24:53.616Z] >>> [apiv2][body] PATCH https://firebasehosting.googleapis.com/v1beta1/projects/-/sites/mhuri-money/versions/a3e250af26c46cb2 {"status":"FINALIZED","config":{"headers":[{"glob":"**","headers":{"Cache-Control":"no-cache, max-age=0, must-revalidate","X-Content-Type-Options":"nosniff","Referrer-Policy":"strict-origin-when-cross-origin","X-Frame-Options":"DENY"}}],"cleanUrls":true,"trailingSlashBehavior":"REMOVE"}}
[debug] [2026-09-30T09:24:55.371Z] <<< [apiv2][status] PATCH https://firebasehosting.googleapis.com/v1beta1/projects/-/sites/mhuri-money/versions/a3e250af26c46cb2 200
[debug] [2026-09-30T09:24:55.372Z] <<< [apiv2][body] PATCH https://firebasehosting.googleapis.com/v1beta1/projects/-/sites/mhuri-money/versions/a3e250af26c46cb2 {"name":"projects/383203942042/sites/mhuri-money/versions/a3e250af26c46cb2","status":"FINALIZED","config":{"headers":[{"headers":{"X-Frame-Options":"DENY","Cache-Control":"no-cache, max-age=0, must-revalidate","X-Content-Type-Options":"nosniff","Referrer-Policy":"strict-origin-when-cross-origin"},"glob":"**"}],"cleanUrls":true,"trailingSlashBehavior":"REMOVE"},"labels":{"deployment-tool":"cli-firebase"},"createTime":"2026-09-30T09:24:51.625096Z","createUser":{"email":"codzlabzim53@gmail.com"},"finalizeTime":"2026-09-30T09:24:55.070579Z","finalizeUser":{"email":"codzlabzim53@gmail.com"}}
[debug] [2026-09-30T09:24:55.372Z] [hosting] finalized version for mhuri-money:[object Object]
[info] ✔  hosting[mhuri-money]: version finalized 
[info] i  hosting[mhuri-money]: releasing new version... 
[debug] [2026-09-30T09:24:55.373Z] Checked if tokens are valid: true, expires at: 1790763054051
[debug] [2026-09-30T09:24:55.373Z] Checked if tokens are valid: true, expires at: 1790763054051
[debug] [2026-09-30T09:24:55.373Z] >>> [apiv2][query] POST https://firebasehosting.googleapis.com/v1beta1/projects/-/sites/mhuri-money/channels/live/releases versionName=projects%2F383203942042%2Fsites%2Fmhuri-money%2Fversions%2Fa3e250af26c46cb2
[debug] [2026-09-30T09:24:55.373Z] >>> [apiv2][body] POST https://firebasehosting.googleapis.com/v1beta1/projects/-/sites/mhuri-money/channels/live/releases {}
[debug] [2026-09-30T09:24:57.110Z] <<< [apiv2][status] POST https://firebasehosting.googleapis.com/v1beta1/projects/-/sites/mhuri-money/channels/live/releases 200
[debug] [2026-09-30T09:33:06.316Z] ----------------------------------------------------------------------
[debug] [2026-09-30T09:33:06.317Z] Command:       /Users/mac/.nvm/versions/node/v24.18.0/bin/node /Users/mac/.nvm/versions/node/v24.18.0/bin/firebase apps:android:sha:create 1:383203942042:android:ff3f70acf06ecefa490923 14:F1:38:46:B2:7B:D6:43:E9:CB:92:85:E6:64:01:61:C2:7F:1D:9A --project mhuri-money
[debug] [2026-09-30T09:33:06.318Z] CLI Version:   15.22.4
[debug] [2026-09-30T09:33:06.318Z] Platform:      darwin
[debug] [2026-09-30T09:33:06.318Z] Node Version:  v24.18.0
[debug] [2026-09-30T09:33:06.318Z] Detected Agent: codex_cli
[debug] [2026-09-30T09:33:06.318Z] Time:          Wed Sep 30 2026 11:33:06 GMT+0200 (Central Africa Time)
[debug] [2026-09-30T09:33:06.318Z] ----------------------------------------------------------------------
[debug] 
[debug] [2026-09-30T09:33:06.416Z] > command requires scopes: ["email","openid","https://www.googleapis.com/auth/cloudplatformprojects.readonly","https://www.googleapis.com/auth/firebase","https://www.googleapis.com/auth/cloud-platform"]
[debug] [2026-09-30T09:33:06.417Z] > authorizing via signed-in user (codzlabzim53@gmail.com)
[debug] [2026-09-30T09:33:06.418Z] Checked if tokens are valid: true, expires at: 1790763054051
[debug] [2026-09-30T09:33:06.419Z] Checked if tokens are valid: true, expires at: 1790763054051
[debug] [2026-09-30T09:33:06.419Z] >>> [apiv2][query] POST https://firebase.googleapis.com/v1beta1/projects/mhuri-money/androidApps/1:383203942042:android:ff3f70acf06ecefa490923/sha [none]
[debug] [2026-09-30T09:33:06.419Z] >>> [apiv2][body] POST https://firebase.googleapis.com/v1beta1/projects/mhuri-money/androidApps/1:383203942042:android:ff3f70acf06ecefa490923/sha {"shaHash":"14:F1:38:46:B2:7B:D6:43:E9:CB:92:85:E6:64:01:61:C2:7F:1D:9A","certType":"SHA_1"}
[debug] [2026-09-30T09:33:07.912Z] <<< [apiv2][status] POST https://firebase.googleapis.com/v1beta1/projects/mhuri-money/androidApps/1:383203942042:android:ff3f70acf06ecefa490923/sha 200
[debug] [2026-09-30T09:33:11.546Z] ----------------------------------------------------------------------
[debug] [2026-09-30T09:33:11.548Z] Command:       /Users/mac/.nvm/versions/node/v24.18.0/bin/node /Users/mac/.nvm/versions/node/v24.18.0/bin/firebase apps:android:sha:create 1:383203942042:android:ff3f70acf06ecefa490923 29:E7:4D:3D:E4:03:D5:6D:0A:8E:F2:7A:37:BA:C8:F3:EB:CD:AD:B8:6A:5B:2A:0E:88:5F:D2:E3:18:9A:AA:24 --project mhuri-money
[debug] [2026-09-30T09:33:11.548Z] CLI Version:   15.22.4
[debug] [2026-09-30T09:33:11.548Z] Platform:      darwin
[debug] [2026-09-30T09:33:11.548Z] Node Version:  v24.18.0
[debug] [2026-09-30T09:33:11.548Z] Detected Agent: codex_cli
[debug] [2026-09-30T09:33:11.548Z] Time:          Wed Sep 30 2026 11:33:11 GMT+0200 (Central Africa Time)
[debug] [2026-09-30T09:33:11.548Z] ----------------------------------------------------------------------
[debug] 
[debug] [2026-09-30T09:33:11.638Z] > command requires scopes: ["email","openid","https://www.googleapis.com/auth/cloudplatformprojects.readonly","https://www.googleapis.com/auth/firebase","https://www.googleapis.com/auth/cloud-platform"]
[debug] [2026-09-30T09:33:11.639Z] > authorizing via signed-in user (codzlabzim53@gmail.com)
[debug] [2026-09-30T09:33:11.641Z] Checked if tokens are valid: true, expires at: 1790763054051
[debug] [2026-09-30T09:33:11.641Z] Checked if tokens are valid: true, expires at: 1790763054051
[debug] [2026-09-30T09:33:11.641Z] >>> [apiv2][query] POST https://firebase.googleapis.com/v1beta1/projects/mhuri-money/androidApps/1:383203942042:android:ff3f70acf06ecefa490923/sha [none]
[debug] [2026-09-30T09:33:11.641Z] >>> [apiv2][body] POST https://firebase.googleapis.com/v1beta1/projects/mhuri-money/androidApps/1:383203942042:android:ff3f70acf06ecefa490923/sha {"shaHash":"29:E7:4D:3D:E4:03:D5:6D:0A:8E:F2:7A:37:BA:C8:F3:EB:CD:AD:B8:6A:5B:2A:0E:88:5F:D2:E3:18:9A:AA:24","certType":"SHA_256"}
[debug] [2026-09-30T09:33:12.753Z] <<< [apiv2][status] POST https://firebase.googleapis.com/v1beta1/projects/mhuri-money/androidApps/1:383203942042:android:ff3f70acf06ecefa490923/sha 200
[debug] [2026-09-30T19:04:04.375Z] ----------------------------------------------------------------------
[debug] [2026-09-30T19:04:04.381Z] Command:       /Users/mac/.nvm/versions/node/v24.18.0/bin/node /Users/mac/.nvm/versions/node/v24.18.0/bin/firebase hosting:channel:deploy premium-preview --project mhuri-money --expires 1d
[debug] [2026-09-30T19:04:04.381Z] CLI Version:   15.22.4
[debug] [2026-09-30T19:04:04.381Z] Platform:      darwin
[debug] [2026-09-30T19:04:04.381Z] Node Version:  v24.18.0
[debug] [2026-09-30T19:04:04.381Z] Detected Agent: codex_cli
[debug] [2026-09-30T19:04:04.381Z] Time:          Wed Sep 30 2026 21:04:04 GMT+0200 (Central Africa Time)
[debug] [2026-09-30T19:04:04.381Z] ----------------------------------------------------------------------
[debug] 
[debug] [2026-09-30T19:04:05.280Z] > command requires scopes: ["email","openid","https://www.googleapis.com/auth/cloudplatformprojects.readonly","https://www.googleapis.com/auth/firebase","https://www.googleapis.com/auth/cloud-platform"]
[debug] [2026-09-30T19:04:05.280Z] > authorizing via signed-in user (codzlabzim53@gmail.com)
[debug] [2026-09-30T19:04:05.280Z] [iam] checking project mhuri-money for permissions ["firebase.projects.get","firebasehosting.sites.update"]
[debug] [2026-09-30T19:04:05.282Z] Checked if tokens are valid: false, expires at: 1790763054051
[debug] [2026-09-30T19:04:05.282Z] Checked if tokens are valid: false, expires at: 1790763054051
[debug] [2026-09-30T19:04:05.282Z] > refreshing access token with scopes: []
[debug] [2026-09-30T19:04:05.284Z] >>> [apiv2][query] POST https://www.googleapis.com/oauth2/v3/token [none]
[debug] [2026-09-30T19:04:05.284Z] >>> [apiv2][body] POST https://www.googleapis.com/oauth2/v3/token [omitted]
[debug] [2026-09-30T19:04:05.815Z] <<< [apiv2][status] POST https://www.googleapis.com/oauth2/v3/token 200
[debug] [2026-09-30T19:04:05.815Z] <<< [apiv2][body] POST https://www.googleapis.com/oauth2/v3/token [omitted]
[debug] [2026-09-30T19:04:05.847Z] >>> [apiv2][query] POST https://cloudresourcemanager.googleapis.com/v1/projects/mhuri-money:testIamPermissions [none]
[debug] [2026-09-30T19:04:05.847Z] >>> [apiv2][(partial)header] POST https://cloudresourcemanager.googleapis.com/v1/projects/mhuri-money:testIamPermissions  x-goog-user-project=mhuri-money
[debug] [2026-09-30T19:04:05.847Z] >>> [apiv2][body] POST https://cloudresourcemanager.googleapis.com/v1/projects/mhuri-money:testIamPermissions {"permissions":["firebase.projects.get","firebasehosting.sites.update"]}
[debug] [2026-09-30T19:04:06.704Z] <<< [apiv2][status] POST https://cloudresourcemanager.googleapis.com/v1/projects/mhuri-money:testIamPermissions 200
[debug] [2026-09-30T19:04:06.704Z] <<< [apiv2][body] POST https://cloudresourcemanager.googleapis.com/v1/projects/mhuri-money:testIamPermissions {"permissions":["firebase.projects.get","firebasehosting.sites.update"]}
[debug] [2026-09-30T19:04:06.704Z] Checked if tokens are valid: true, expires at: 1790798644816
[debug] [2026-09-30T19:04:06.704Z] Checked if tokens are valid: true, expires at: 1790798644816
[debug] [2026-09-30T19:04:06.705Z] >>> [apiv2][query] GET https://firebase.googleapis.com/v1beta1/projects/mhuri-money [none]
[debug] [2026-09-30T19:04:07.462Z] <<< [apiv2][status] GET https://firebase.googleapis.com/v1beta1/projects/mhuri-money 200
[debug] [2026-09-30T19:04:07.462Z] <<< [apiv2][body] GET https://firebase.googleapis.com/v1beta1/projects/mhuri-money {"projectId":"mhuri-money","projectNumber":"383203942042","displayName":"Mhuri Money","name":"projects/mhuri-money","resources":{"hostingSite":"mhuri-money"},"state":"ACTIVE","labels":{"firebase":"enabled"},"etag":"1_87d97d34-3433-4b93-96fd-4ce946800983"}
[debug] [2026-09-30T19:04:07.463Z] Expires TTL: 86400000
[debug] [2026-09-30T19:04:07.465Z] Checked if tokens are valid: true, expires at: 1790798644816
[debug] [2026-09-30T19:04:07.465Z] Checked if tokens are valid: true, expires at: 1790798644816
[debug] [2026-09-30T19:04:07.465Z] >>> [apiv2][query] GET https://firebasehosting.googleapis.com/v1beta1/projects/mhuri-money/sites/mhuri-money/channels/premium-preview [none]
[debug] [2026-09-30T19:04:09.289Z] <<< [apiv2][status] GET https://firebasehosting.googleapis.com/v1beta1/projects/mhuri-money/sites/mhuri-money/channels/premium-preview 404
[debug] [2026-09-30T19:04:09.290Z] <<< [apiv2][body] GET https://firebasehosting.googleapis.com/v1beta1/projects/mhuri-money/sites/mhuri-money/channels/premium-preview {"error":{"code":404,"message":"Requested entity was not found.","status":"NOT_FOUND"}}
[debug] [2026-09-30T19:04:09.292Z] Checked if tokens are valid: true, expires at: 1790798644816
[debug] [2026-09-30T19:04:09.292Z] Checked if tokens are valid: true, expires at: 1790798644816
[debug] [2026-09-30T19:04:09.293Z] >>> [apiv2][query] POST https://firebasehosting.googleapis.com/v1beta1/projects/mhuri-money/sites/mhuri-money/channels?channelId=premium-preview [none]
[debug] [2026-09-30T19:04:09.293Z] >>> [apiv2][body] POST https://firebasehosting.googleapis.com/v1beta1/projects/mhuri-money/sites/mhuri-money/channels?channelId=premium-preview {"ttl":"86400s"}
[debug] [2026-09-30T19:04:10.236Z] <<< [apiv2][status] POST https://firebasehosting.googleapis.com/v1beta1/projects/mhuri-money/sites/mhuri-money/channels?channelId=premium-preview 200
[debug] [2026-09-30T19:04:10.236Z] <<< [apiv2][body] POST https://firebasehosting.googleapis.com/v1beta1/projects/mhuri-money/sites/mhuri-money/channels?channelId=premium-preview {"name":"projects/mhuri-money/sites/mhuri-money/channels/premium-preview","url":"https://mhuri-money--premium-preview-aljeafcw.web.app","createTime":"2026-09-30T19:04:10.074695985Z","updateTime":"2026-09-30T19:04:10.074695985Z","retainedReleaseCount":10,"expireTime":"2026-10-01T19:04:10.074695985Z"}
[debug] [2026-09-30T19:04:10.236Z] [hosting] created new channnel for site mhuri-money {"name":"projects/mhuri-money/sites/mhuri-money/channels/premium-preview","url":"https://mhuri-money--premium-preview-aljeafcw.web.app","createTime":"2026-09-30T19:04:10.074695985Z","updateTime":"2026-09-30T19:04:10.074695985Z","retainedReleaseCount":10,"expireTime":"2026-10-01T19:04:10.074695985Z"}
[info] ✔  hosting:channel: Channel premium-preview has been created on site mhuri-money. 
[info] 
[info] === Deploying to 'mhuri-money'...
[info] 
[info] i  deploying hosting 
[debug] [2026-09-30T19:04:10.238Z] Checked if tokens are valid: true, expires at: 1790798644816
[debug] [2026-09-30T19:04:10.238Z] Checked if tokens are valid: true, expires at: 1790798644816
[debug] [2026-09-30T19:04:10.238Z] >>> [apiv2][query] GET https://firebasehosting.googleapis.com/v1beta1/projects/mhuri-money/sites/mhuri-money [none]
[debug] [2026-09-30T19:04:11.383Z] <<< [apiv2][status] GET https://firebasehosting.googleapis.com/v1beta1/projects/mhuri-money/sites/mhuri-money 200
[debug] [2026-09-30T19:04:11.383Z] <<< [apiv2][body] GET https://firebasehosting.googleapis.com/v1beta1/projects/mhuri-money/sites/mhuri-money {"name":"projects/mhuri-money/sites/mhuri-money","defaultUrl":"https://mhuri-money.web.app","type":"DEFAULT_SITE"}
[debug] [2026-09-30T19:04:11.385Z] Checked if tokens are valid: true, expires at: 1790798644816
[debug] [2026-09-30T19:04:11.385Z] Checked if tokens are valid: true, expires at: 1790798644816
[debug] [2026-09-30T19:04:11.386Z] >>> [apiv2][query] POST https://firebasehosting.googleapis.com/v1beta1/projects/-/sites/mhuri-money/versions [none]
[debug] [2026-09-30T19:04:11.386Z] >>> [apiv2][body] POST https://firebasehosting.googleapis.com/v1beta1/projects/-/sites/mhuri-money/versions {"status":"CREATED","labels":{"deployment-tool":"cli-firebase"}}
[debug] [2026-09-30T19:04:13.092Z] <<< [apiv2][status] POST https://firebasehosting.googleapis.com/v1beta1/projects/-/sites/mhuri-money/versions 200
[debug] [2026-09-30T19:04:13.093Z] <<< [apiv2][body] POST https://firebasehosting.googleapis.com/v1beta1/projects/-/sites/mhuri-money/versions {"name":"projects/383203942042/sites/mhuri-money/versions/3fd3b4482ab1dcfe","status":"CREATED","config":{},"labels":{"deployment-tool":"cli-firebase"}}
[info] i  hosting[mhuri-money]: beginning deploy... 
[info] i  hosting[mhuri-money]: found 11 files in hosting/public 
[debug] [2026-09-30T19:04:13.114Z] [hosting] uploading with 200 concurrency
[debug] [2026-09-30T19:04:13.160Z] Checked if tokens are valid: true, expires at: 1790798644816
[debug] [2026-09-30T19:04:13.160Z] Checked if tokens are valid: true, expires at: 1790798644816
[debug] [2026-09-30T19:04:13.161Z] [hosting] hash cache [aG9zdGluZy9wdWJsaWM] stored for 11 files
[debug] [2026-09-30T19:04:13.161Z] [hosting][hash queue][FINAL] {"max":43,"min":1,"avg":14.909090909090908,"active":0,"complete":11,"success":11,"errored":0,"retried":0,"total":11,"elapsed":45}
[debug] [2026-09-30T19:04:13.161Z] >>> [apiv2][query] POST https://firebasehosting.googleapis.com/v1beta1/projects/383203942042/sites/mhuri-money/versions/3fd3b4482ab1dcfe:populateFiles [none]
[debug] [2026-09-30T19:04:13.161Z] >>> [apiv2][body] POST https://firebasehosting.googleapis.com/v1beta1/projects/383203942042/sites/mhuri-money/versions/3fd3b4482ab1dcfe:populateFiles {"files":{"/terms/index.html":"bf974ec67556319c2d5856eb3f41594ab62b3efa451e3c12a45627ec2c02ef3a","/privacy/index.html":"cf70cf71080255b368590073ccaaca44ca49ce6538cde2c3f654711a91b4656b","/delete-account/index.html":"790e0ab3626ce1d188128cb2eb60e51530384e3c7d8427c02798e593d8c228df","/index.html":"5fb682d7b8c87970b5449a747110c6425aebcf0dbf38c9c7ef8578dde11dd4cb","/styles.css":"7989512f55c80cfde6839ae2e95d0db2fa0173bcc36ab75a82442edc7b5e9b98","/assets/screens/family.png":"adf3cabbbceec3457c08ee33a4af9a54ecbef627d1cc9be01d8e50a3b50e734b","/assets/screens/create-account.png":"6465188514683ce82f03a084c5fdfdff4c97d28d1c95f2b6a36a6f79944d11b2","/assets/screens/sign-in.png":"4353c93add217607bdab36ce0469a85390a68de80f3b8cd62c41179d429a331e","/assets/screens/reports.png":"7f52c94ca7dad7860365396eaff36622f4a8635271532909b30d43181887e461","/assets/screens/home.png":"cabf16e487b68a951ae3ea849cb45e9c70be8d481d033589c047d21e616556d2","/assets/mhuri-icon.png":"6e7c9feabd3555434723f2d664e47c3a681a90105d27f432b0a2ba5cdada80aa"}}
[debug] [2026-09-30T19:04:14.292Z] <<< [apiv2][status] POST https://firebasehosting.googleapis.com/v1beta1/projects/383203942042/sites/mhuri-money/versions/3fd3b4482ab1dcfe:populateFiles 200
[debug] [2026-09-30T19:04:14.293Z] <<< [apiv2][body] POST https://firebasehosting.googleapis.com/v1beta1/projects/383203942042/sites/mhuri-money/versions/3fd3b4482ab1dcfe:populateFiles {"uploadRequiredHashes":["4353c93add217607bdab36ce0469a85390a68de80f3b8cd62c41179d429a331e","6e7c9feabd3555434723f2d664e47c3a681a90105d27f432b0a2ba5cdada80aa","7f52c94ca7dad7860365396eaff36622f4a8635271532909b30d43181887e461","7989512f55c80cfde6839ae2e95d0db2fa0173bcc36ab75a82442edc7b5e9b98","adf3cabbbceec3457c08ee33a4af9a54ecbef627d1cc9be01d8e50a3b50e734b","cabf16e487b68a951ae3ea849cb45e9c70be8d481d033589c047d21e616556d2","5fb682d7b8c87970b5449a747110c6425aebcf0dbf38c9c7ef8578dde11dd4cb","6465188514683ce82f03a084c5fdfdff4c97d28d1c95f2b6a36a6f79944d11b2"],"uploadUrl":"https://upload-firebasehosting.googleapis.com/upload/sites/mhuri-money/versions/3fd3b4482ab1dcfe/files"}
[debug] [2026-09-30T19:04:14.293Z] Checked if tokens are valid: true, expires at: 1790798644816
[debug] [2026-09-30T19:04:14.293Z] Checked if tokens are valid: true, expires at: 1790798644816
[debug] [2026-09-30T19:04:14.293Z] Checked if tokens are valid: true, expires at: 1790798644816
[debug] [2026-09-30T19:04:14.294Z] Checked if tokens are valid: true, expires at: 1790798644816
[debug] [2026-09-30T19:04:14.294Z] Checked if tokens are valid: true, expires at: 1790798644816
[debug] [2026-09-30T19:04:14.294Z] Checked if tokens are valid: true, expires at: 1790798644816
[debug] [2026-09-30T19:04:14.294Z] Checked if tokens are valid: true, expires at: 1790798644816
[debug] [2026-09-30T19:04:14.295Z] Checked if tokens are valid: true, expires at: 1790798644816
[debug] [2026-09-30T19:04:14.295Z] Checked if tokens are valid: true, expires at: 1790798644816
[debug] [2026-09-30T19:04:14.295Z] Checked if tokens are valid: true, expires at: 1790798644816
[debug] [2026-09-30T19:04:14.295Z] Checked if tokens are valid: true, expires at: 1790798644816
[debug] [2026-09-30T19:04:14.295Z] Checked if tokens are valid: true, expires at: 1790798644816
[debug] [2026-09-30T19:04:14.296Z] Checked if tokens are valid: true, expires at: 1790798644816
[debug] [2026-09-30T19:04:14.296Z] Checked if tokens are valid: true, expires at: 1790798644816
[debug] [2026-09-30T19:04:14.296Z] Checked if tokens are valid: true, expires at: 1790798644816
[debug] [2026-09-30T19:04:14.296Z] Checked if tokens are valid: true, expires at: 1790798644816
[debug] [2026-09-30T19:04:14.296Z] >>> [apiv2][query] POST https://upload-firebasehosting.googleapis.com/upload/sites/mhuri-money/versions/3fd3b4482ab1dcfe/files/4353c93add217607bdab36ce0469a85390a68de80f3b8cd62c41179d429a331e [none]
[debug] [2026-09-30T19:04:14.296Z] >>> [apiv2][body] POST https://upload-firebasehosting.googleapis.com/upload/sites/mhuri-money/versions/3fd3b4482ab1dcfe/files/4353c93add217607bdab36ce0469a85390a68de80f3b8cd62c41179d429a331e [stream]
[debug] [2026-09-30T19:04:14.298Z] >>> [apiv2][query] POST https://upload-firebasehosting.googleapis.com/upload/sites/mhuri-money/versions/3fd3b4482ab1dcfe/files/6e7c9feabd3555434723f2d664e47c3a681a90105d27f432b0a2ba5cdada80aa [none]
[debug] [2026-09-30T19:04:14.298Z] >>> [apiv2][body] POST https://upload-firebasehosting.googleapis.com/upload/sites/mhuri-money/versions/3fd3b4482ab1dcfe/files/6e7c9feabd3555434723f2d664e47c3a681a90105d27f432b0a2ba5cdada80aa [stream]
[debug] [2026-09-30T19:04:14.299Z] >>> [apiv2][query] POST https://upload-firebasehosting.googleapis.com/upload/sites/mhuri-money/versions/3fd3b4482ab1dcfe/files/7f52c94ca7dad7860365396eaff36622f4a8635271532909b30d43181887e461 [none]
[debug] [2026-09-30T19:04:14.299Z] >>> [apiv2][body] POST https://upload-firebasehosting.googleapis.com/upload/sites/mhuri-money/versions/3fd3b4482ab1dcfe/files/7f52c94ca7dad7860365396eaff36622f4a8635271532909b30d43181887e461 [stream]
[debug] [2026-09-30T19:04:14.300Z] >>> [apiv2][query] POST https://upload-firebasehosting.googleapis.com/upload/sites/mhuri-money/versions/3fd3b4482ab1dcfe/files/7989512f55c80cfde6839ae2e95d0db2fa0173bcc36ab75a82442edc7b5e9b98 [none]
[debug] [2026-09-30T19:04:14.300Z] >>> [apiv2][body] POST https://upload-firebasehosting.googleapis.com/upload/sites/mhuri-money/versions/3fd3b4482ab1dcfe/files/7989512f55c80cfde6839ae2e95d0db2fa0173bcc36ab75a82442edc7b5e9b98 [stream]
[debug] [2026-09-30T19:04:14.301Z] >>> [apiv2][query] POST https://upload-firebasehosting.googleapis.com/upload/sites/mhuri-money/versions/3fd3b4482ab1dcfe/files/adf3cabbbceec3457c08ee33a4af9a54ecbef627d1cc9be01d8e50a3b50e734b [none]
[debug] [2026-09-30T19:04:14.301Z] >>> [apiv2][body] POST https://upload-firebasehosting.googleapis.com/upload/sites/mhuri-money/versions/3fd3b4482ab1dcfe/files/adf3cabbbceec3457c08ee33a4af9a54ecbef627d1cc9be01d8e50a3b50e734b [stream]
[debug] [2026-09-30T19:04:14.302Z] >>> [apiv2][query] POST https://upload-firebasehosting.googleapis.com/upload/sites/mhuri-money/versions/3fd3b4482ab1dcfe/files/cabf16e487b68a951ae3ea849cb45e9c70be8d481d033589c047d21e616556d2 [none]
[debug] [2026-09-30T19:04:14.302Z] >>> [apiv2][body] POST https://upload-firebasehosting.googleapis.com/upload/sites/mhuri-money/versions/3fd3b4482ab1dcfe/files/cabf16e487b68a951ae3ea849cb45e9c70be8d481d033589c047d21e616556d2 [stream]
[debug] [2026-09-30T19:04:14.303Z] >>> [apiv2][query] POST https://upload-firebasehosting.googleapis.com/upload/sites/mhuri-money/versions/3fd3b4482ab1dcfe/files/5fb682d7b8c87970b5449a747110c6425aebcf0dbf38c9c7ef8578dde11dd4cb [none]
[debug] [2026-09-30T19:04:14.303Z] >>> [apiv2][body] POST https://upload-firebasehosting.googleapis.com/upload/sites/mhuri-money/versions/3fd3b4482ab1dcfe/files/5fb682d7b8c87970b5449a747110c6425aebcf0dbf38c9c7ef8578dde11dd4cb [stream]
[debug] [2026-09-30T19:04:14.304Z] >>> [apiv2][query] POST https://upload-firebasehosting.googleapis.com/upload/sites/mhuri-money/versions/3fd3b4482ab1dcfe/files/6465188514683ce82f03a084c5fdfdff4c97d28d1c95f2b6a36a6f79944d11b2 [none]
[debug] [2026-09-30T19:04:14.304Z] >>> [apiv2][body] POST https://upload-firebasehosting.googleapis.com/upload/sites/mhuri-money/versions/3fd3b4482ab1dcfe/files/6465188514683ce82f03a084c5fdfdff4c97d28d1c95f2b6a36a6f79944d11b2 [stream]
[debug] [2026-09-30T19:04:14.305Z] [hosting][populate queue][FINAL] {"max":1136,"min":1136,"avg":1136,"active":0,"complete":1,"success":1,"errored":0,"retried":0,"total":1,"elapsed":1145}
[debug] [2026-09-30T19:04:14.305Z] [hosting] uploads queued: 8
[info] i  hosting: uploading new files [0/8] (0%) 
[debug] [2026-09-30T19:04:15.778Z] <<< [apiv2][status] POST https://upload-firebasehosting.googleapis.com/upload/sites/mhuri-money/versions/3fd3b4482ab1dcfe/files/7989512f55c80cfde6839ae2e95d0db2fa0173bcc36ab75a82442edc7b5e9b98 200
[debug] [2026-09-30T19:04:15.779Z] <<< [apiv2][body] POST https://upload-firebasehosting.googleapis.com/upload/sites/mhuri-money/versions/3fd3b4482ab1dcfe/files/7989512f55c80cfde6839ae2e95d0db2fa0173bcc36ab75a82442edc7b5e9b98 [stream]
[debug] [2026-09-30T19:04:15.919Z] <<< [apiv2][status] POST https://upload-firebasehosting.googleapis.com/upload/sites/mhuri-money/versions/3fd3b4482ab1dcfe/files/5fb682d7b8c87970b5449a747110c6425aebcf0dbf38c9c7ef8578dde11dd4cb 200
[debug] [2026-09-30T19:04:15.919Z] <<< [apiv2][body] POST https://upload-firebasehosting.googleapis.com/upload/sites/mhuri-money/versions/3fd3b4482ab1dcfe/files/5fb682d7b8c87970b5449a747110c6425aebcf0dbf38c9c7ef8578dde11dd4cb [stream]
[debug] [2026-09-30T19:04:16.393Z] <<< [apiv2][status] POST https://upload-firebasehosting.googleapis.com/upload/sites/mhuri-money/versions/3fd3b4482ab1dcfe/files/adf3cabbbceec3457c08ee33a4af9a54ecbef627d1cc9be01d8e50a3b50e734b 200
[debug] [2026-09-30T19:04:16.394Z] <<< [apiv2][body] POST https://upload-firebasehosting.googleapis.com/upload/sites/mhuri-money/versions/3fd3b4482ab1dcfe/files/adf3cabbbceec3457c08ee33a4af9a54ecbef627d1cc9be01d8e50a3b50e734b [stream]
[debug] [2026-09-30T19:04:16.506Z] <<< [apiv2][status] POST https://upload-firebasehosting.googleapis.com/upload/sites/mhuri-money/versions/3fd3b4482ab1dcfe/files/6465188514683ce82f03a084c5fdfdff4c97d28d1c95f2b6a36a6f79944d11b2 200
[debug] [2026-09-30T19:04:16.507Z] <<< [apiv2][body] POST https://upload-firebasehosting.googleapis.com/upload/sites/mhuri-money/versions/3fd3b4482ab1dcfe/files/6465188514683ce82f03a084c5fdfdff4c97d28d1c95f2b6a36a6f79944d11b2 [stream]
[debug] [2026-09-30T19:04:16.517Z] <<< [apiv2][status] POST https://upload-firebasehosting.googleapis.com/upload/sites/mhuri-money/versions/3fd3b4482ab1dcfe/files/4353c93add217607bdab36ce0469a85390a68de80f3b8cd62c41179d429a331e 200
[debug] [2026-09-30T19:04:16.518Z] <<< [apiv2][body] POST https://upload-firebasehosting.googleapis.com/upload/sites/mhuri-money/versions/3fd3b4482ab1dcfe/files/4353c93add217607bdab36ce0469a85390a68de80f3b8cd62c41179d429a331e [stream]
[debug] [2026-09-30T19:04:16.697Z] <<< [apiv2][status] POST https://upload-firebasehosting.googleapis.com/upload/sites/mhuri-money/versions/3fd3b4482ab1dcfe/files/7f52c94ca7dad7860365396eaff36622f4a8635271532909b30d43181887e461 200
[debug] [2026-09-30T19:04:16.697Z] <<< [apiv2][body] POST https://upload-firebasehosting.googleapis.com/upload/sites/mhuri-money/versions/3fd3b4482ab1dcfe/files/7f52c94ca7dad7860365396eaff36622f4a8635271532909b30d43181887e461 [stream]
[debug] [2026-09-30T19:04:17.000Z] <<< [apiv2][status] POST https://upload-firebasehosting.googleapis.com/upload/sites/mhuri-money/versions/3fd3b4482ab1dcfe/files/cabf16e487b68a951ae3ea849cb45e9c70be8d481d033589c047d21e616556d2 200
[debug] [2026-09-30T19:04:17.001Z] <<< [apiv2][body] POST https://upload-firebasehosting.googleapis.com/upload/sites/mhuri-money/versions/3fd3b4482ab1dcfe/files/cabf16e487b68a951ae3ea849cb45e9c70be8d481d033589c047d21e616556d2 [stream]
[info] i  hosting: uploading new files [7/8] (87%) 
[debug] [2026-09-30T19:04:17.446Z] <<< [apiv2][status] POST https://upload-firebasehosting.googleapis.com/upload/sites/mhuri-money/versions/3fd3b4482ab1dcfe/files/6e7c9feabd3555434723f2d664e47c3a681a90105d27f432b0a2ba5cdada80aa 200
[debug] [2026-09-30T19:04:17.446Z] <<< [apiv2][body] POST https://upload-firebasehosting.googleapis.com/upload/sites/mhuri-money/versions/3fd3b4482ab1dcfe/files/6e7c9feabd3555434723f2d664e47c3a681a90105d27f432b0a2ba5cdada80aa [stream]
[debug] [2026-09-30T19:04:17.446Z] [hosting][upload queue][FINAL] {"max":3153,"min":1485,"avg":2238.375,"active":0,"complete":8,"success":8,"errored":0,"retried":0,"total":8,"elapsed":3153}
[info] i  hosting: upload complete 
[info] ✔  hosting[mhuri-money]: file upload complete 
[debug] [2026-09-30T19:04:17.447Z] [hosting] deploy completed after 4350ms
[debug] [2026-09-30T19:04:17.447Z] [
  {
    "config": {
      "public": "hosting/public",
      "ignore": [
        "firebase.json",
        "**/.*",
        "**/node_modules/**"
      ],
      "cleanUrls": true,
      "trailingSlash": false,
      "headers": [
        {
          "source": "**",
          "headers": [
            {
              "key": "Cache-Control",
              "value": "no-cache, max-age=0, must-revalidate"
            },
            {
              "key": "X-Content-Type-Options",
              "value": "nosniff"
            },
            {
              "key": "Referrer-Policy",
              "value": "strict-origin-when-cross-origin"
            },
            {
              "key": "X-Frame-Options",
              "value": "DENY"
            }
          ]
        }
      ],
      "site": "mhuri-money"
    },
    "version": "projects/383203942042/sites/mhuri-money/versions/3fd3b4482ab1dcfe"
  }
]
[info] i  hosting[mhuri-money]: finalizing version... 
[debug] [2026-09-30T19:04:17.453Z] Checked if tokens are valid: true, expires at: 1790798644816
[debug] [2026-09-30T19:04:17.453Z] Checked if tokens are valid: true, expires at: 1790798644816
[debug] [2026-09-30T19:04:17.453Z] >>> [apiv2][query] PATCH https://firebasehosting.googleapis.com/v1beta1/projects/-/sites/mhuri-money/versions/3fd3b4482ab1dcfe updateMask=status%2Cconfig
[debug] [2026-09-30T19:04:17.454Z] >>> [apiv2][body] PATCH https://firebasehosting.googleapis.com/v1beta1/projects/-/sites/mhuri-money/versions/3fd3b4482ab1dcfe {"status":"FINALIZED","config":{"headers":[{"glob":"**","headers":{"Cache-Control":"no-cache, max-age=0, must-revalidate","X-Content-Type-Options":"nosniff","Referrer-Policy":"strict-origin-when-cross-origin","X-Frame-Options":"DENY"}}],"cleanUrls":true,"trailingSlashBehavior":"REMOVE"}}
[debug] [2026-09-30T19:04:19.192Z] <<< [apiv2][status] PATCH https://firebasehosting.googleapis.com/v1beta1/projects/-/sites/mhuri-money/versions/3fd3b4482ab1dcfe 200
[debug] [2026-09-30T19:04:19.193Z] <<< [apiv2][body] PATCH https://firebasehosting.googleapis.com/v1beta1/projects/-/sites/mhuri-money/versions/3fd3b4482ab1dcfe {"name":"projects/383203942042/sites/mhuri-money/versions/3fd3b4482ab1dcfe","status":"FINALIZED","config":{"headers":[{"headers":{"X-Content-Type-Options":"nosniff","Referrer-Policy":"strict-origin-when-cross-origin","X-Frame-Options":"DENY","Cache-Control":"no-cache, max-age=0, must-revalidate"},"glob":"**"}],"cleanUrls":true,"trailingSlashBehavior":"REMOVE"},"labels":{"deployment-tool":"cli-firebase"},"createTime":"2026-09-30T19:04:12.174117Z","createUser":{"email":"codzlabzim53@gmail.com"},"finalizeTime":"2026-09-30T19:04:19.173651Z","finalizeUser":{"email":"codzlabzim53@gmail.com"}}
[debug] [2026-09-30T19:04:19.193Z] [hosting] finalized version for mhuri-money:[object Object]
[info] ✔  hosting[mhuri-money]: version finalized 
[info] i  hosting[mhuri-money]: releasing new version... 
[debug] [2026-09-30T19:04:19.193Z] [hosting] releasing to channel: premium-preview
[debug] [2026-09-30T19:04:19.194Z] Checked if tokens are valid: true, expires at: 1790798644816
[debug] [2026-09-30T19:04:19.194Z] Checked if tokens are valid: true, expires at: 1790798644816
[debug] [2026-09-30T19:04:19.195Z] >>> [apiv2][query] POST https://firebasehosting.googleapis.com/v1beta1/projects/-/sites/mhuri-money/channels/premium-preview/releases versionName=projects%2F383203942042%2Fsites%2Fmhuri-money%2Fversions%2F3fd3b4482ab1dcfe
[debug] [2026-09-30T19:04:19.195Z] >>> [apiv2][body] POST https://firebasehosting.googleapis.com/v1beta1/projects/-/sites/mhuri-money/channels/premium-preview/releases {}
[debug] [2026-09-30T19:04:20.621Z] <<< [apiv2][status] POST https://firebasehosting.googleapis.com/v1beta1/projects/-/sites/mhuri-money/channels/premium-preview/releases 200
[debug] [2026-09-30T19:04:20.622Z] <<< [apiv2][body] POST https://firebasehosting.googleapis.com/v1beta1/projects/-/sites/mhuri-money/channels/premium-preview/releases {"name":"projects/383203942042/sites/mhuri-money/channels/premium-preview/releases/1790795059577000","version":{"name":"projects/383203942042/sites/mhuri-money/versions/3fd3b4482ab1dcfe","status":"FINALIZED","config":{"headers":[{"headers":{"X-Content-Type-Options":"nosniff","Referrer-Policy":"strict-origin-when-cross-origin","X-Frame-Options":"DENY","Cache-Control":"no-cache, max-age=0, must-revalidate"},"glob":"**"}],"cleanUrls":true,"trailingSlashBehavior":"REMOVE"},"labels":{"deployment-tool":"cli-firebase"},"createTime":"2026-09-30T19:04:12.174117Z","createUser":{"email":"codzlabzim53@gmail.com","imageUrl":"https://lh3.googleusercontent.com/a/ACg8ocKIq6B9rxbqoiO7r7Wr4bSw3PklHYTT70YQrwJ5MgDaKH8UJco"},"finalizeTime":"2026-09-30T19:04:19.173651Z","finalizeUser":{"email":"codzlabzim53@gmail.com","imageUrl":"https://lh3.googleusercontent.com/a/ACg8ocKIq6B9rxbqoiO7r7Wr4bSw3PklHYTT70YQrwJ5MgDaKH8UJco"}},"type":"DEPLOY","releaseTime":"2026-09-30T19:04:19.577Z","releaseUser":{"email":"codzlabzim53@gmail.com","imageUrl":"https://lh3.googleusercontent.com/a/ACg8ocKIq6B9rxbqoiO7r7Wr4bSw3PklHYTT70YQrwJ5MgDaKH8UJco"}}
[debug] [2026-09-30T19:04:20.622Z] [hosting] release: {"name":"projects/383203942042/sites/mhuri-money/channels/premium-preview/releases/1790795059577000","version":{"name":"projects/383203942042/sites/mhuri-money/versions/3fd3b4482ab1dcfe","status":"FINALIZED","config":{"headers":[{"headers":{"X-Content-Type-Options":"nosniff","Referrer-Policy":"strict-origin-when-cross-origin","X-Frame-Options":"DENY","Cache-Control":"no-cache, max-age=0, must-revalidate"},"glob":"**"}],"cleanUrls":true,"trailingSlashBehavior":"REMOVE"},"labels":{"deployment-tool":"cli-firebase"},"createTime":"2026-09-30T19:04:12.174117Z","createUser":{"email":"codzlabzim53@gmail.com","imageUrl":"https://lh3.googleusercontent.com/a/ACg8ocKIq6B9rxbqoiO7r7Wr4bSw3PklHYTT70YQrwJ5MgDaKH8UJco"},"finalizeTime":"2026-09-30T19:04:19.173651Z","finalizeUser":{"email":"codzlabzim53@gmail.com","imageUrl":"https://lh3.googleusercontent.com/a/ACg8ocKIq6B9rxbqoiO7r7Wr4bSw3PklHYTT70YQrwJ5MgDaKH8UJco"}},"type":"DEPLOY","releaseTime":"2026-09-30T19:04:19.577Z","releaseUser":{"email":"codzlabzim53@gmail.com","imageUrl":"https://lh3.googleusercontent.com/a/ACg8ocKIq6B9rxbqoiO7r7Wr4bSw3PklHYTT70YQrwJ5MgDaKH8UJco"}}
[info] ✔  hosting[mhuri-money]: release complete 
[info] 
[info] ✔  Deploy complete! 
[info] 
[info] Project Console: https://console.firebase.google.com/project/mhuri-money/overview
[info] Hosting URL: https://mhuri-money.web.app
[debug] [2026-09-30T19:04:20.627Z] Checked if tokens are valid: true, expires at: 1790798644816
[debug] [2026-09-30T19:04:20.627Z] Checked if tokens are valid: true, expires at: 1790798644816
[debug] [2026-09-30T19:04:20.627Z] >>> [apiv2][query] GET https://identitytoolkit.googleapis.com/admin/v2/projects/mhuri-money/config [none]
[debug] [2026-09-30T19:04:20.628Z] >>> [apiv2][(partial)header] GET https://identitytoolkit.googleapis.com/admin/v2/projects/mhuri-money/config  x-goog-user-project=mhuri-money
[debug] [2026-09-30T19:04:21.282Z] <<< [apiv2][status] GET https://identitytoolkit.googleapis.com/admin/v2/projects/mhuri-money/config 404
[debug] [2026-09-30T19:04:21.283Z] <<< [apiv2][body] GET https://identitytoolkit.googleapis.com/admin/v2/projects/mhuri-money/config {"error":{"code":404,"message":"CONFIGURATION_NOT_FOUND","status":"NOT_FOUND"}}
[warn] ⚠  hosting:channel: Unable to add channel domain to Firebase Auth. Visit the Firebase Console at https://console.firebase.google.com/project/mhuri-money/authentication/providers

 
[debug] [2026-09-30T19:04:21.303Z] [hosting] unable to add auth domain Request to https://identitytoolkit.googleapis.com/admin/v2/projects/mhuri-money/config had HTTP Error: 404, CONFIGURATION_NOT_FOUND {"name":"FirebaseError","children":[],"context":{"body":{"error":{"code":404,"message":"CONFIGURATION_NOT_FOUND","status":"NOT_FOUND"}},"response":{"statusCode":404}},"exit":1,"message":"Request to https://identitytoolkit.googleapis.com/admin/v2/projects/mhuri-money/config had HTTP Error: 404, CONFIGURATION_NOT_FOUND","status":404}
[debug] [2026-09-30T19:04:21.304Z] Checked if tokens are valid: true, expires at: 1790798644816
[debug] [2026-09-30T19:04:21.304Z] Checked if tokens are valid: true, expires at: 1790798644816
[debug] [2026-09-30T19:04:21.304Z] >>> [apiv2][query] GET https://firebasehosting.googleapis.com/v1beta1/projects/mhuri-money/sites/mhuri-money/channels pageToken=&pageSize=10
[debug] [2026-09-30T19:04:22.685Z] <<< [apiv2][status] GET https://firebasehosting.googleapis.com/v1beta1/projects/mhuri-money/sites/mhuri-money/channels 200
[debug] [2026-09-30T19:04:22.686Z] <<< [apiv2][body] GET https://firebasehosting.googleapis.com/v1beta1/projects/mhuri-money/sites/mhuri-money/channels {"channels":[{"name":"projects/mhuri-money/sites/mhuri-money/channels/premium-preview","url":"https://mhuri-money--premium-preview-aljeafcw.web.app","release":{"name":"projects/mhuri-money/sites/mhuri-money/channels/premium-preview/releases/1790795059577000","version":{"name":"projects/mhuri-money/sites/mhuri-money/versions/3fd3b4482ab1dcfe","status":"FINALIZED","config":{"headers":[{"headers":{"Cache-Control":"no-cache, max-age=0, must-revalidate","X-Content-Type-Options":"nosniff","Referrer-Policy":"strict-origin-when-cross-origin","X-Frame-Options":"DENY"},"glob":"**"}],"cleanUrls":true,"trailingSlashBehavior":"REMOVE"},"labels":{"deployment-tool":"cli-firebase"},"createTime":"2026-09-30T19:04:12.174117Z","createUser":{"email":"codzlabzim53@gmail.com"},"finalizeTime":"2026-09-30T19:04:19.173651Z","finalizeUser":{"email":"codzlabzim53@gmail.com"}},"type":"DEPLOY","releaseTime":"2026-09-30T19:04:19.577Z","releaseUser":{"email":"codzlabzim53@gmail.com"}},"createTime":"2026-09-30T19:04:10.074695985Z","updateTime":"2026-09-30T19:04:19.577Z","retainedReleaseCount":10,"expireTime":"2026-10-01T19:04:10.074695985Z"},{"name":"projects/mhuri-money/sites/mhuri-money/channels/live","url":"https://mhuri-money.web.app","release":{"name":"projects/mhuri-money/sites/mhuri-money/channels/live/releases/1790760295801000","version":{"name":"projects/mhuri-money/sites/mhuri-money/versions/a3e250af26c46cb2","status":"FINALIZED","config":{"headers":[{"headers":{"X-Frame-Options":"DENY","Cache-Control":"no-cache, max-age=0, must-revalidate","X-Content-Type-Options":"nosniff","Referrer-Policy":"strict-origin-when-cross-origin"},"glob":"**"}],"cleanUrls":true,"trailingSlashBehavior":"REMOVE"},"labels":{"deployment-tool":"cli-firebase"},"createTime":"2026-09-30T09:24:51.625096Z","createUser":{"email":"codzlabzim53@gmail.com"},"finalizeTime":"2026-09-30T09:24:55.070579Z","finalizeUser":{"email":"codzlabzim53@gmail.com"},"fileCount":"7","versionBytes":"11403"},"type":"DEPLOY","releaseTime":"2026-09-30T09:24:55.801Z","releaseUser":{"email":"codzlabzim53@gmail.com"}},"createTime":"2026-09-30T08:43:12.861376055Z","updateTime":"2026-09-30T09:24:55.801Z","retainedReleaseCount":2147483647},{"name":"projects/mhuri-money/sites/mhuri-money/channels/landing-preview","url":"https://mhuri-money--landing-preview-2jfyf3ld.web.app","release":{"name":"projects/mhuri-money/sites/mhuri-money/channels/landing-preview/releases/1790759686897000","version":{"name":"projects/mhuri-money/sites/mhuri-money/versions/996f41d1ce140b5a","status":"FINALIZED","config":{"headers":[{"headers":{"Referrer-Policy":"strict-origin-when-cross-origin","X-Frame-Options":"DENY","X-Content-Type-Options":"nosniff"},"glob":"**"}],"cleanUrls":true,"trailingSlashBehavior":"REMOVE"},"labels":{"deployment-tool":"cli-firebase"},"createTime":"2026-09-30T09:14:41.475980Z","createUser":{"email":"codzlabzim53@gmail.com"},"finalizeTime":"2026-09-30T09:14:46.247642Z","finalizeUser":{"email":"codzlabzim53@gmail.com"},"fileCount":"7","versionBytes":"11355"},"type":"DEPLOY","releaseTime":"2026-09-30T09:14:46.897Z","releaseUser":{"email":"codzlabzim53@gmail.com"}},"createTime":"2026-09-30T09:10:59.248583923Z","updateTime":"2026-09-30T09:14:46.897Z","retainedReleaseCount":10,"expireTime":"2026-10-01T09:14:38.999987225Z"}]}
[debug] [2026-09-30T19:04:22.686Z] Checked if tokens are valid: true, expires at: 1790798644816
[debug] [2026-09-30T19:04:22.686Z] Checked if tokens are valid: true, expires at: 1790798644816
[debug] [2026-09-30T19:04:22.686Z] >>> [apiv2][query] GET https://identitytoolkit.googleapis.com/admin/v2/projects/mhuri-money/config [none]
[debug] [2026-09-30T19:04:22.686Z] >>> [apiv2][(partial)header] GET https://identitytoolkit.googleapis.com/admin/v2/projects/mhuri-money/config  x-goog-user-project=mhuri-money
[debug] [2026-09-30T19:04:23.054Z] <<< [apiv2][status] GET https://identitytoolkit.googleapis.com/admin/v2/projects/mhuri-money/config 404
[debug] [2026-09-30T19:05:29.444Z] ----------------------------------------------------------------------
[debug] [2026-09-30T19:05:29.446Z] Command:       /Users/mac/.nvm/versions/node/v24.18.0/bin/node /Users/mac/.nvm/versions/node/v24.18.0/bin/firebase hosting:channel:deploy premium-preview --project mhuri-money --expires 1d
[debug] [2026-09-30T19:05:29.446Z] CLI Version:   15.22.4
[debug] [2026-09-30T19:05:29.446Z] Platform:      darwin
[debug] [2026-09-30T19:05:29.446Z] Node Version:  v24.18.0
[debug] [2026-09-30T19:05:29.446Z] Detected Agent: codex_cli
[debug] [2026-09-30T19:05:29.446Z] Time:          Wed Sep 30 2026 21:05:29 GMT+0200 (Central Africa Time)
[debug] [2026-09-30T19:05:29.446Z] ----------------------------------------------------------------------
[debug] 
[debug] [2026-09-30T19:05:29.843Z] > command requires scopes: ["email","openid","https://www.googleapis.com/auth/cloudplatformprojects.readonly","https://www.googleapis.com/auth/firebase","https://www.googleapis.com/auth/cloud-platform"]
[debug] [2026-09-30T19:05:29.843Z] > authorizing via signed-in user (codzlabzim53@gmail.com)
[debug] [2026-09-30T19:05:29.843Z] [iam] checking project mhuri-money for permissions ["firebase.projects.get","firebasehosting.sites.update"]
[debug] [2026-09-30T19:05:29.844Z] Checked if tokens are valid: true, expires at: 1790798644816
[debug] [2026-09-30T19:05:29.844Z] Checked if tokens are valid: true, expires at: 1790798644816
[debug] [2026-09-30T19:05:29.845Z] >>> [apiv2][query] POST https://cloudresourcemanager.googleapis.com/v1/projects/mhuri-money:testIamPermissions [none]
[debug] [2026-09-30T19:05:29.845Z] >>> [apiv2][(partial)header] POST https://cloudresourcemanager.googleapis.com/v1/projects/mhuri-money:testIamPermissions  x-goog-user-project=mhuri-money
[debug] [2026-09-30T19:05:29.845Z] >>> [apiv2][body] POST https://cloudresourcemanager.googleapis.com/v1/projects/mhuri-money:testIamPermissions {"permissions":["firebase.projects.get","firebasehosting.sites.update"]}
[debug] [2026-09-30T19:05:31.775Z] <<< [apiv2][status] POST https://cloudresourcemanager.googleapis.com/v1/projects/mhuri-money:testIamPermissions 200
[debug] [2026-09-30T19:05:31.775Z] <<< [apiv2][body] POST https://cloudresourcemanager.googleapis.com/v1/projects/mhuri-money:testIamPermissions {"permissions":["firebase.projects.get","firebasehosting.sites.update"]}
[debug] [2026-09-30T19:05:31.776Z] Checked if tokens are valid: true, expires at: 1790798644816
[debug] [2026-09-30T19:05:31.776Z] Checked if tokens are valid: true, expires at: 1790798644816
[debug] [2026-09-30T19:05:31.777Z] >>> [apiv2][query] GET https://firebase.googleapis.com/v1beta1/projects/mhuri-money [none]
[debug] [2026-09-30T19:05:32.829Z] <<< [apiv2][status] GET https://firebase.googleapis.com/v1beta1/projects/mhuri-money 200
[debug] [2026-09-30T19:05:32.830Z] <<< [apiv2][body] GET https://firebase.googleapis.com/v1beta1/projects/mhuri-money {"projectId":"mhuri-money","projectNumber":"383203942042","displayName":"Mhuri Money","name":"projects/mhuri-money","resources":{"hostingSite":"mhuri-money"},"state":"ACTIVE","labels":{"firebase":"enabled"},"etag":"1_87d97d34-3433-4b93-96fd-4ce946800983"}
[debug] [2026-09-30T19:05:32.830Z] Expires TTL: 86400000
[debug] [2026-09-30T19:05:32.832Z] Checked if tokens are valid: true, expires at: 1790798644816
[debug] [2026-09-30T19:05:32.832Z] Checked if tokens are valid: true, expires at: 1790798644816
[debug] [2026-09-30T19:05:32.833Z] >>> [apiv2][query] GET https://firebasehosting.googleapis.com/v1beta1/projects/mhuri-money/sites/mhuri-money/channels/premium-preview [none]
[debug] [2026-09-30T19:05:34.686Z] <<< [apiv2][status] GET https://firebasehosting.googleapis.com/v1beta1/projects/mhuri-money/sites/mhuri-money/channels/premium-preview 200
[debug] [2026-09-30T19:05:34.687Z] <<< [apiv2][body] GET https://firebasehosting.googleapis.com/v1beta1/projects/mhuri-money/sites/mhuri-money/channels/premium-preview {"name":"projects/mhuri-money/sites/mhuri-money/channels/premium-preview","url":"https://mhuri-money--premium-preview-aljeafcw.web.app","release":{"name":"projects/mhuri-money/sites/mhuri-money/channels/premium-preview/releases/1790795059577000","version":{"name":"projects/mhuri-money/sites/mhuri-money/versions/3fd3b4482ab1dcfe","status":"FINALIZED","config":{"headers":[{"headers":{"Cache-Control":"no-cache, max-age=0, must-revalidate","X-Content-Type-Options":"nosniff","Referrer-Policy":"strict-origin-when-cross-origin","X-Frame-Options":"DENY"},"glob":"**"}],"cleanUrls":true,"trailingSlashBehavior":"REMOVE"},"labels":{"deployment-tool":"cli-firebase"},"createTime":"2026-09-30T19:04:12.174117Z","createUser":{"email":"codzlabzim53@gmail.com"},"finalizeTime":"2026-09-30T19:04:19.173651Z","finalizeUser":{"email":"codzlabzim53@gmail.com"},"fileCount":"13","versionBytes":"2350969"},"type":"DEPLOY","releaseTime":"2026-09-30T19:04:19.577Z","releaseUser":{"email":"codzlabzim53@gmail.com"}},"createTime":"2026-09-30T19:04:10.074695985Z","updateTime":"2026-09-30T19:04:19.577Z","retainedReleaseCount":10,"expireTime":"2026-10-01T19:04:10.074695985Z"}
[debug] [2026-09-30T19:05:34.687Z] [hosting] found existing channel for site mhuri-money {"name":"projects/mhuri-money/sites/mhuri-money/channels/premium-preview","url":"https://mhuri-money--premium-preview-aljeafcw.web.app","release":{"name":"projects/mhuri-money/sites/mhuri-money/channels/premium-preview/releases/1790795059577000","version":{"name":"projects/mhuri-money/sites/mhuri-money/versions/3fd3b4482ab1dcfe","status":"FINALIZED","config":{"headers":[{"headers":{"Cache-Control":"no-cache, max-age=0, must-revalidate","X-Content-Type-Options":"nosniff","Referrer-Policy":"strict-origin-when-cross-origin","X-Frame-Options":"DENY"},"glob":"**"}],"cleanUrls":true,"trailingSlashBehavior":"REMOVE"},"labels":{"deployment-tool":"cli-firebase"},"createTime":"2026-09-30T19:04:12.174117Z","createUser":{"email":"codzlabzim53@gmail.com"},"finalizeTime":"2026-09-30T19:04:19.173651Z","finalizeUser":{"email":"codzlabzim53@gmail.com"},"fileCount":"13","versionBytes":"2350969"},"type":"DEPLOY","releaseTime":"2026-09-30T19:04:19.577Z","releaseUser":{"email":"codzlabzim53@gmail.com"}},"createTime":"2026-09-30T19:04:10.074695985Z","updateTime":"2026-09-30T19:04:19.577Z","retainedReleaseCount":10,"expireTime":"2026-10-01T19:04:10.074695985Z"}
[debug] [2026-09-30T19:05:34.687Z] Checked if tokens are valid: true, expires at: 1790798644816
[debug] [2026-09-30T19:05:34.688Z] Checked if tokens are valid: true, expires at: 1790798644816
[debug] [2026-09-30T19:05:34.688Z] >>> [apiv2][query] PATCH https://firebasehosting.googleapis.com/v1beta1/projects/mhuri-money/sites/mhuri-money/channels/premium-preview updateMask=ttl
[debug] [2026-09-30T19:05:34.688Z] >>> [apiv2][body] PATCH https://firebasehosting.googleapis.com/v1beta1/projects/mhuri-money/sites/mhuri-money/channels/premium-preview {"ttl":"86400s"}
[debug] [2026-09-30T19:05:36.019Z] <<< [apiv2][status] PATCH https://firebasehosting.googleapis.com/v1beta1/projects/mhuri-money/sites/mhuri-money/channels/premium-preview 200
[debug] [2026-09-30T19:05:36.019Z] <<< [apiv2][body] PATCH https://firebasehosting.googleapis.com/v1beta1/projects/mhuri-money/sites/mhuri-money/channels/premium-preview {"name":"projects/mhuri-money/sites/mhuri-money/channels/premium-preview","url":"https://mhuri-money--premium-preview-aljeafcw.web.app","release":{"name":"projects/mhuri-money/sites/mhuri-money/channels/premium-preview/releases/1790795059577000","version":{"name":"projects/mhuri-money/sites/mhuri-money/versions/3fd3b4482ab1dcfe","status":"FINALIZED","config":{"headers":[{"headers":{"Cache-Control":"no-cache, max-age=0, must-revalidate","X-Content-Type-Options":"nosniff","Referrer-Policy":"strict-origin-when-cross-origin","X-Frame-Options":"DENY"},"glob":"**"}],"cleanUrls":true,"trailingSlashBehavior":"REMOVE"},"labels":{"deployment-tool":"cli-firebase"},"createTime":"2026-09-30T19:04:12.174117Z","createUser":{"email":"codzlabzim53@gmail.com"},"finalizeTime":"2026-09-30T19:04:19.173651Z","finalizeUser":{"email":"codzlabzim53@gmail.com"},"fileCount":"13","versionBytes":"2350969"},"type":"DEPLOY","releaseTime":"2026-09-30T19:04:19.577Z","releaseUser":{"email":"codzlabzim53@gmail.com"}},"createTime":"2026-09-30T19:04:10.074695985Z","updateTime":"2026-09-30T19:05:35.495967301Z","retainedReleaseCount":10,"expireTime":"2026-10-01T19:05:35.495967301Z"}
[debug] [2026-09-30T19:05:36.020Z] [hosting] updated TTL for existing channel for site mhuri-money {"name":"projects/mhuri-money/sites/mhuri-money/channels/premium-preview","url":"https://mhuri-money--premium-preview-aljeafcw.web.app","release":{"name":"projects/mhuri-money/sites/mhuri-money/channels/premium-preview/releases/1790795059577000","version":{"name":"projects/mhuri-money/sites/mhuri-money/versions/3fd3b4482ab1dcfe","status":"FINALIZED","config":{"headers":[{"headers":{"Cache-Control":"no-cache, max-age=0, must-revalidate","X-Content-Type-Options":"nosniff","Referrer-Policy":"strict-origin-when-cross-origin","X-Frame-Options":"DENY"},"glob":"**"}],"cleanUrls":true,"trailingSlashBehavior":"REMOVE"},"labels":{"deployment-tool":"cli-firebase"},"createTime":"2026-09-30T19:04:12.174117Z","createUser":{"email":"codzlabzim53@gmail.com"},"finalizeTime":"2026-09-30T19:04:19.173651Z","finalizeUser":{"email":"codzlabzim53@gmail.com"},"fileCount":"13","versionBytes":"2350969"},"type":"DEPLOY","releaseTime":"2026-09-30T19:04:19.577Z","releaseUser":{"email":"codzlabzim53@gmail.com"}},"createTime":"2026-09-30T19:04:10.074695985Z","updateTime":"2026-09-30T19:05:35.495967301Z","retainedReleaseCount":10,"expireTime":"2026-10-01T19:05:35.495967301Z"}
[info] 
[info] === Deploying to 'mhuri-money'...
[info] 
[info] i  deploying hosting 
[debug] [2026-09-30T19:05:36.023Z] Checked if tokens are valid: true, expires at: 1790798644816
[debug] [2026-09-30T19:05:36.024Z] Checked if tokens are valid: true, expires at: 1790798644816
[debug] [2026-09-30T19:05:36.024Z] >>> [apiv2][query] GET https://firebasehosting.googleapis.com/v1beta1/projects/mhuri-money/sites/mhuri-money [none]
[debug] [2026-09-30T19:05:37.145Z] <<< [apiv2][status] GET https://firebasehosting.googleapis.com/v1beta1/projects/mhuri-money/sites/mhuri-money 200
[debug] [2026-09-30T19:05:37.145Z] <<< [apiv2][body] GET https://firebasehosting.googleapis.com/v1beta1/projects/mhuri-money/sites/mhuri-money {"name":"projects/mhuri-money/sites/mhuri-money","defaultUrl":"https://mhuri-money.web.app","type":"DEFAULT_SITE"}
[debug] [2026-09-30T19:05:37.147Z] Checked if tokens are valid: true, expires at: 1790798644816
[debug] [2026-09-30T19:05:37.147Z] Checked if tokens are valid: true, expires at: 1790798644816
[debug] [2026-09-30T19:05:37.147Z] >>> [apiv2][query] POST https://firebasehosting.googleapis.com/v1beta1/projects/-/sites/mhuri-money/versions [none]
[debug] [2026-09-30T19:05:37.147Z] >>> [apiv2][body] POST https://firebasehosting.googleapis.com/v1beta1/projects/-/sites/mhuri-money/versions {"status":"CREATED","labels":{"deployment-tool":"cli-firebase"}}
[debug] [2026-09-30T19:05:38.807Z] <<< [apiv2][status] POST https://firebasehosting.googleapis.com/v1beta1/projects/-/sites/mhuri-money/versions 200
[debug] [2026-09-30T19:05:38.807Z] <<< [apiv2][body] POST https://firebasehosting.googleapis.com/v1beta1/projects/-/sites/mhuri-money/versions {"name":"projects/383203942042/sites/mhuri-money/versions/d85b5cd1834d8ed7","status":"CREATED","config":{},"labels":{"deployment-tool":"cli-firebase"}}
[info] i  hosting[mhuri-money]: beginning deploy... 
[info] i  hosting[mhuri-money]: found 11 files in hosting/public 
[debug] [2026-09-30T19:05:38.829Z] [hosting] uploading with 200 concurrency
[debug] [2026-09-30T19:05:38.834Z] Checked if tokens are valid: true, expires at: 1790798644816
[debug] [2026-09-30T19:05:38.834Z] Checked if tokens are valid: true, expires at: 1790798644816
[debug] [2026-09-30T19:05:38.835Z] [hosting] hash cache [aG9zdGluZy9wdWJsaWM] stored for 11 files
[debug] [2026-09-30T19:05:38.835Z] [hosting][hash queue][FINAL] {"max":4,"min":0,"avg":0.36363636363636365,"active":0,"complete":11,"success":11,"errored":0,"retried":0,"total":11,"elapsed":6}
[debug] [2026-09-30T19:05:38.836Z] >>> [apiv2][query] POST https://firebasehosting.googleapis.com/v1beta1/projects/383203942042/sites/mhuri-money/versions/d85b5cd1834d8ed7:populateFiles [none]
[debug] [2026-09-30T19:05:38.836Z] >>> [apiv2][body] POST https://firebasehosting.googleapis.com/v1beta1/projects/383203942042/sites/mhuri-money/versions/d85b5cd1834d8ed7:populateFiles {"files":{"/index.html":"5fb682d7b8c87970b5449a747110c6425aebcf0dbf38c9c7ef8578dde11dd4cb","/terms/index.html":"bf974ec67556319c2d5856eb3f41594ab62b3efa451e3c12a45627ec2c02ef3a","/privacy/index.html":"cf70cf71080255b368590073ccaaca44ca49ce6538cde2c3f654711a91b4656b","/delete-account/index.html":"790e0ab3626ce1d188128cb2eb60e51530384e3c7d8427c02798e593d8c228df","/assets/mhuri-icon.png":"6e7c9feabd3555434723f2d664e47c3a681a90105d27f432b0a2ba5cdada80aa","/assets/screens/sign-in.png":"4353c93add217607bdab36ce0469a85390a68de80f3b8cd62c41179d429a331e","/assets/screens/reports.png":"7f52c94ca7dad7860365396eaff36622f4a8635271532909b30d43181887e461","/assets/screens/home.png":"cabf16e487b68a951ae3ea849cb45e9c70be8d481d033589c047d21e616556d2","/assets/screens/family.png":"adf3cabbbceec3457c08ee33a4af9a54ecbef627d1cc9be01d8e50a3b50e734b","/assets/screens/create-account.png":"6465188514683ce82f03a084c5fdfdff4c97d28d1c95f2b6a36a6f79944d11b2","/styles.css":"bbd2220fb74cda59c586b01e410da4a4be58e70c29e89f9b7c6f2234f7db8256"}}
[debug] [2026-09-30T19:05:39.914Z] <<< [apiv2][status] POST https://firebasehosting.googleapis.com/v1beta1/projects/383203942042/sites/mhuri-money/versions/d85b5cd1834d8ed7:populateFiles 200
[debug] [2026-09-30T19:05:39.915Z] <<< [apiv2][body] POST https://firebasehosting.googleapis.com/v1beta1/projects/383203942042/sites/mhuri-money/versions/d85b5cd1834d8ed7:populateFiles {"uploadRequiredHashes":["bbd2220fb74cda59c586b01e410da4a4be58e70c29e89f9b7c6f2234f7db8256"],"uploadUrl":"https://upload-firebasehosting.googleapis.com/upload/sites/mhuri-money/versions/d85b5cd1834d8ed7/files"}
[debug] [2026-09-30T19:05:39.916Z] Checked if tokens are valid: true, expires at: 1790798644816
[debug] [2026-09-30T19:05:39.916Z] Checked if tokens are valid: true, expires at: 1790798644816
[debug] [2026-09-30T19:05:39.916Z] >>> [apiv2][query] POST https://upload-firebasehosting.googleapis.com/upload/sites/mhuri-money/versions/d85b5cd1834d8ed7/files/bbd2220fb74cda59c586b01e410da4a4be58e70c29e89f9b7c6f2234f7db8256 [none]
[debug] [2026-09-30T19:05:39.916Z] >>> [apiv2][body] POST https://upload-firebasehosting.googleapis.com/upload/sites/mhuri-money/versions/d85b5cd1834d8ed7/files/bbd2220fb74cda59c586b01e410da4a4be58e70c29e89f9b7c6f2234f7db8256 [stream]
[debug] [2026-09-30T19:05:39.918Z] [hosting][populate queue][FINAL] {"max":1082,"min":1082,"avg":1082,"active":0,"complete":1,"success":1,"errored":0,"retried":0,"total":1,"elapsed":1084}
[debug] [2026-09-30T19:05:39.918Z] [hosting] uploads queued: 1
[info] i  hosting: uploading new files [0/1] (0%) 
[debug] [2026-09-30T19:05:41.328Z] <<< [apiv2][status] POST https://upload-firebasehosting.googleapis.com/upload/sites/mhuri-money/versions/d85b5cd1834d8ed7/files/bbd2220fb74cda59c586b01e410da4a4be58e70c29e89f9b7c6f2234f7db8256 200
[debug] [2026-09-30T19:05:41.328Z] <<< [apiv2][body] POST https://upload-firebasehosting.googleapis.com/upload/sites/mhuri-money/versions/d85b5cd1834d8ed7/files/bbd2220fb74cda59c586b01e410da4a4be58e70c29e89f9b7c6f2234f7db8256 [stream]
[debug] [2026-09-30T19:05:41.328Z] [hosting][upload queue][FINAL] {"max":1413,"min":1413,"avg":1413,"active":0,"complete":1,"success":1,"errored":0,"retried":0,"total":1,"elapsed":1413}
[info] i  hosting: upload complete 
[info] ✔  hosting[mhuri-money]: file upload complete 
[debug] [2026-09-30T19:05:41.329Z] [hosting] deploy completed after 2517ms
[debug] [2026-09-30T19:05:41.330Z] [
  {
    "config": {
      "public": "hosting/public",
      "ignore": [
        "firebase.json",
        "**/.*",
        "**/node_modules/**"
      ],
      "cleanUrls": true,
      "trailingSlash": false,
      "headers": [
        {
          "source": "**",
          "headers": [
            {
              "key": "Cache-Control",
              "value": "no-cache, max-age=0, must-revalidate"
            },
            {
              "key": "X-Content-Type-Options",
              "value": "nosniff"
            },
            {
              "key": "Referrer-Policy",
              "value": "strict-origin-when-cross-origin"
            },
            {
              "key": "X-Frame-Options",
              "value": "DENY"
            }
          ]
        }
      ],
      "site": "mhuri-money"
    },
    "version": "projects/383203942042/sites/mhuri-money/versions/d85b5cd1834d8ed7"
  }
]
[info] i  hosting[mhuri-money]: finalizing version... 
[debug] [2026-09-30T19:05:41.333Z] Checked if tokens are valid: true, expires at: 1790798644816
[debug] [2026-09-30T19:05:41.334Z] Checked if tokens are valid: true, expires at: 1790798644816
[debug] [2026-09-30T19:05:41.334Z] >>> [apiv2][query] PATCH https://firebasehosting.googleapis.com/v1beta1/projects/-/sites/mhuri-money/versions/d85b5cd1834d8ed7 updateMask=status%2Cconfig
[debug] [2026-09-30T19:05:41.334Z] >>> [apiv2][body] PATCH https://firebasehosting.googleapis.com/v1beta1/projects/-/sites/mhuri-money/versions/d85b5cd1834d8ed7 {"status":"FINALIZED","config":{"headers":[{"glob":"**","headers":{"Cache-Control":"no-cache, max-age=0, must-revalidate","X-Content-Type-Options":"nosniff","Referrer-Policy":"strict-origin-when-cross-origin","X-Frame-Options":"DENY"}}],"cleanUrls":true,"trailingSlashBehavior":"REMOVE"}}
[debug] [2026-09-30T19:05:43.070Z] <<< [apiv2][status] PATCH https://firebasehosting.googleapis.com/v1beta1/projects/-/sites/mhuri-money/versions/d85b5cd1834d8ed7 200
[debug] [2026-09-30T19:05:43.070Z] <<< [apiv2][body] PATCH https://firebasehosting.googleapis.com/v1beta1/projects/-/sites/mhuri-money/versions/d85b5cd1834d8ed7 {"name":"projects/383203942042/sites/mhuri-money/versions/d85b5cd1834d8ed7","status":"FINALIZED","config":{"headers":[{"headers":{"Cache-Control":"no-cache, max-age=0, must-revalidate","X-Content-Type-Options":"nosniff","Referrer-Policy":"strict-origin-when-cross-origin","X-Frame-Options":"DENY"},"glob":"**"}],"cleanUrls":true,"trailingSlashBehavior":"REMOVE"},"labels":{"deployment-tool":"cli-firebase"},"createTime":"2026-09-30T19:05:38.015809Z","createUser":{"email":"codzlabzim53@gmail.com"},"finalizeTime":"2026-09-30T19:05:42.914121Z","finalizeUser":{"email":"codzlabzim53@gmail.com"}}
[debug] [2026-09-30T19:05:43.070Z] [hosting] finalized version for mhuri-money:[object Object]
[info] ✔  hosting[mhuri-money]: version finalized 
[info] i  hosting[mhuri-money]: releasing new version... 
[debug] [2026-09-30T19:05:43.071Z] [hosting] releasing to channel: premium-preview
[debug] [2026-09-30T19:05:43.071Z] Checked if tokens are valid: true, expires at: 1790798644816
[debug] [2026-09-30T19:05:43.071Z] Checked if tokens are valid: true, expires at: 1790798644816
[debug] [2026-09-30T19:05:43.072Z] >>> [apiv2][query] POST https://firebasehosting.googleapis.com/v1beta1/projects/-/sites/mhuri-money/channels/premium-preview/releases versionName=projects%2F383203942042%2Fsites%2Fmhuri-money%2Fversions%2Fd85b5cd1834d8ed7
[debug] [2026-09-30T19:05:43.072Z] >>> [apiv2][body] POST https://firebasehosting.googleapis.com/v1beta1/projects/-/sites/mhuri-money/channels/premium-preview/releases {}
[debug] [2026-09-30T19:05:44.707Z] <<< [apiv2][status] POST https://firebasehosting.googleapis.com/v1beta1/projects/-/sites/mhuri-money/channels/premium-preview/releases 200
[debug] [2026-09-30T19:05:44.708Z] <<< [apiv2][body] POST https://firebasehosting.googleapis.com/v1beta1/projects/-/sites/mhuri-money/channels/premium-preview/releases {"name":"projects/383203942042/sites/mhuri-money/channels/premium-preview/releases/1790795143660000","version":{"name":"projects/383203942042/sites/mhuri-money/versions/d85b5cd1834d8ed7","status":"FINALIZED","config":{"headers":[{"headers":{"Cache-Control":"no-cache, max-age=0, must-revalidate","X-Content-Type-Options":"nosniff","Referrer-Policy":"strict-origin-when-cross-origin","X-Frame-Options":"DENY"},"glob":"**"}],"cleanUrls":true,"trailingSlashBehavior":"REMOVE"},"labels":{"deployment-tool":"cli-firebase"},"createTime":"2026-09-30T19:05:38.015809Z","createUser":{"email":"codzlabzim53@gmail.com","imageUrl":"https://lh3.googleusercontent.com/a/ACg8ocKIq6B9rxbqoiO7r7Wr4bSw3PklHYTT70YQrwJ5MgDaKH8UJco"},"finalizeTime":"2026-09-30T19:05:42.914121Z","finalizeUser":{"email":"codzlabzim53@gmail.com","imageUrl":"https://lh3.googleusercontent.com/a/ACg8ocKIq6B9rxbqoiO7r7Wr4bSw3PklHYTT70YQrwJ5MgDaKH8UJco"}},"type":"DEPLOY","releaseTime":"2026-09-30T19:05:43.660Z","releaseUser":{"email":"codzlabzim53@gmail.com","imageUrl":"https://lh3.googleusercontent.com/a/ACg8ocKIq6B9rxbqoiO7r7Wr4bSw3PklHYTT70YQrwJ5MgDaKH8UJco"}}
[debug] [2026-09-30T19:05:44.708Z] [hosting] release: {"name":"projects/383203942042/sites/mhuri-money/channels/premium-preview/releases/1790795143660000","version":{"name":"projects/383203942042/sites/mhuri-money/versions/d85b5cd1834d8ed7","status":"FINALIZED","config":{"headers":[{"headers":{"Cache-Control":"no-cache, max-age=0, must-revalidate","X-Content-Type-Options":"nosniff","Referrer-Policy":"strict-origin-when-cross-origin","X-Frame-Options":"DENY"},"glob":"**"}],"cleanUrls":true,"trailingSlashBehavior":"REMOVE"},"labels":{"deployment-tool":"cli-firebase"},"createTime":"2026-09-30T19:05:38.015809Z","createUser":{"email":"codzlabzim53@gmail.com","imageUrl":"https://lh3.googleusercontent.com/a/ACg8ocKIq6B9rxbqoiO7r7Wr4bSw3PklHYTT70YQrwJ5MgDaKH8UJco"},"finalizeTime":"2026-09-30T19:05:42.914121Z","finalizeUser":{"email":"codzlabzim53@gmail.com","imageUrl":"https://lh3.googleusercontent.com/a/ACg8ocKIq6B9rxbqoiO7r7Wr4bSw3PklHYTT70YQrwJ5MgDaKH8UJco"}},"type":"DEPLOY","releaseTime":"2026-09-30T19:05:43.660Z","releaseUser":{"email":"codzlabzim53@gmail.com","imageUrl":"https://lh3.googleusercontent.com/a/ACg8ocKIq6B9rxbqoiO7r7Wr4bSw3PklHYTT70YQrwJ5MgDaKH8UJco"}}
[info] ✔  hosting[mhuri-money]: release complete 
[info] 
[info] ✔  Deploy complete! 
[info] 
[info] Project Console: https://console.firebase.google.com/project/mhuri-money/overview
[info] Hosting URL: https://mhuri-money.web.app
[debug] [2026-09-30T19:05:44.713Z] Checked if tokens are valid: true, expires at: 1790798644816
[debug] [2026-09-30T19:05:44.713Z] Checked if tokens are valid: true, expires at: 1790798644816
[debug] [2026-09-30T19:05:44.714Z] >>> [apiv2][query] GET https://identitytoolkit.googleapis.com/admin/v2/projects/mhuri-money/config [none]
[debug] [2026-09-30T19:05:44.714Z] >>> [apiv2][(partial)header] GET https://identitytoolkit.googleapis.com/admin/v2/projects/mhuri-money/config  x-goog-user-project=mhuri-money
[debug] [2026-09-30T19:05:45.400Z] <<< [apiv2][status] GET https://identitytoolkit.googleapis.com/admin/v2/projects/mhuri-money/config 404
[debug] [2026-09-30T19:05:45.400Z] <<< [apiv2][body] GET https://identitytoolkit.googleapis.com/admin/v2/projects/mhuri-money/config {"error":{"code":404,"message":"CONFIGURATION_NOT_FOUND","status":"NOT_FOUND"}}
[warn] ⚠  hosting:channel: Unable to add channel domain to Firebase Auth. Visit the Firebase Console at https://console.firebase.google.com/project/mhuri-money/authentication/providers

 
[debug] [2026-09-30T19:05:45.420Z] [hosting] unable to add auth domain Request to https://identitytoolkit.googleapis.com/admin/v2/projects/mhuri-money/config had HTTP Error: 404, CONFIGURATION_NOT_FOUND {"name":"FirebaseError","children":[],"context":{"body":{"error":{"code":404,"message":"CONFIGURATION_NOT_FOUND","status":"NOT_FOUND"}},"response":{"statusCode":404}},"exit":1,"message":"Request to https://identitytoolkit.googleapis.com/admin/v2/projects/mhuri-money/config had HTTP Error: 404, CONFIGURATION_NOT_FOUND","status":404}
[debug] [2026-09-30T19:05:45.421Z] Checked if tokens are valid: true, expires at: 1790798644816
[debug] [2026-09-30T19:05:45.421Z] Checked if tokens are valid: true, expires at: 1790798644816
[debug] [2026-09-30T19:05:45.421Z] >>> [apiv2][query] GET https://firebasehosting.googleapis.com/v1beta1/projects/mhuri-money/sites/mhuri-money/channels pageToken=&pageSize=10
[debug] [2026-09-30T19:05:46.859Z] <<< [apiv2][status] GET https://firebasehosting.googleapis.com/v1beta1/projects/mhuri-money/sites/mhuri-money/channels 200
[debug] [2026-09-30T19:05:46.860Z] <<< [apiv2][body] GET https://firebasehosting.googleapis.com/v1beta1/projects/mhuri-money/sites/mhuri-money/channels {"channels":[{"name":"projects/mhuri-money/sites/mhuri-money/channels/premium-preview","url":"https://mhuri-money--premium-preview-aljeafcw.web.app","release":{"name":"projects/mhuri-money/sites/mhuri-money/channels/premium-preview/releases/1790795143660000","version":{"name":"projects/mhuri-money/sites/mhuri-money/versions/d85b5cd1834d8ed7","status":"FINALIZED","config":{"headers":[{"headers":{"Referrer-Policy":"strict-origin-when-cross-origin","X-Frame-Options":"DENY","Cache-Control":"no-cache, max-age=0, must-revalidate","X-Content-Type-Options":"nosniff"},"glob":"**"}],"cleanUrls":true,"trailingSlashBehavior":"REMOVE"},"labels":{"deployment-tool":"cli-firebase"},"createTime":"2026-09-30T19:05:38.015809Z","createUser":{"email":"codzlabzim53@gmail.com"},"finalizeTime":"2026-09-30T19:05:42.914121Z","finalizeUser":{"email":"codzlabzim53@gmail.com"}},"type":"DEPLOY","releaseTime":"2026-09-30T19:05:43.660Z","releaseUser":{"email":"codzlabzim53@gmail.com"}},"createTime":"2026-09-30T19:04:10.074695985Z","updateTime":"2026-09-30T19:05:43.660Z","retainedReleaseCount":10,"expireTime":"2026-10-01T19:05:35.495967301Z"},{"name":"projects/mhuri-money/sites/mhuri-money/channels/live","url":"https://mhuri-money.web.app","release":{"name":"projects/mhuri-money/sites/mhuri-money/channels/live/releases/1790760295801000","version":{"name":"projects/mhuri-money/sites/mhuri-money/versions/a3e250af26c46cb2","status":"FINALIZED","config":{"headers":[{"headers":{"X-Frame-Options":"DENY","Cache-Control":"no-cache, max-age=0, must-revalidate","X-Content-Type-Options":"nosniff","Referrer-Policy":"strict-origin-when-cross-origin"},"glob":"**"}],"cleanUrls":true,"trailingSlashBehavior":"REMOVE"},"labels":{"deployment-tool":"cli-firebase"},"createTime":"2026-09-30T09:24:51.625096Z","createUser":{"email":"codzlabzim53@gmail.com"},"finalizeTime":"2026-09-30T09:24:55.070579Z","finalizeUser":{"email":"codzlabzim53@gmail.com"},"fileCount":"7","versionBytes":"11403"},"type":"DEPLOY","releaseTime":"2026-09-30T09:24:55.801Z","releaseUser":{"email":"codzlabzim53@gmail.com"}},"createTime":"2026-09-30T08:43:12.861376055Z","updateTime":"2026-09-30T09:24:55.801Z","retainedReleaseCount":2147483647},{"name":"projects/mhuri-money/sites/mhuri-money/channels/landing-preview","url":"https://mhuri-money--landing-preview-2jfyf3ld.web.app","release":{"name":"projects/mhuri-money/sites/mhuri-money/channels/landing-preview/releases/1790759686897000","version":{"name":"projects/mhuri-money/sites/mhuri-money/versions/996f41d1ce140b5a","status":"FINALIZED","config":{"headers":[{"headers":{"Referrer-Policy":"strict-origin-when-cross-origin","X-Frame-Options":"DENY","X-Content-Type-Options":"nosniff"},"glob":"**"}],"cleanUrls":true,"trailingSlashBehavior":"REMOVE"},"labels":{"deployment-tool":"cli-firebase"},"createTime":"2026-09-30T09:14:41.475980Z","createUser":{"email":"codzlabzim53@gmail.com"},"finalizeTime":"2026-09-30T09:14:46.247642Z","finalizeUser":{"email":"codzlabzim53@gmail.com"},"fileCount":"7","versionBytes":"11355"},"type":"DEPLOY","releaseTime":"2026-09-30T09:14:46.897Z","releaseUser":{"email":"codzlabzim53@gmail.com"}},"createTime":"2026-09-30T09:10:59.248583923Z","updateTime":"2026-09-30T09:14:46.897Z","retainedReleaseCount":10,"expireTime":"2026-10-01T09:14:38.999987225Z"}]}
[debug] [2026-09-30T19:05:46.860Z] Checked if tokens are valid: true, expires at: 1790798644816
[debug] [2026-09-30T19:05:46.860Z] Checked if tokens are valid: true, expires at: 1790798644816
[debug] [2026-09-30T19:05:46.860Z] >>> [apiv2][query] GET https://identitytoolkit.googleapis.com/admin/v2/projects/mhuri-money/config [none]
[debug] [2026-09-30T19:05:46.861Z] >>> [apiv2][(partial)header] GET https://identitytoolkit.googleapis.com/admin/v2/projects/mhuri-money/config  x-goog-user-project=mhuri-money
[debug] [2026-09-30T19:05:47.369Z] <<< [apiv2][status] GET https://identitytoolkit.googleapis.com/admin/v2/projects/mhuri-money/config 404
[debug] [2026-09-30T19:06:16.832Z] ----------------------------------------------------------------------
[debug] [2026-09-30T19:06:16.834Z] Command:       /Users/mac/.nvm/versions/node/v24.18.0/bin/node /Users/mac/.nvm/versions/node/v24.18.0/bin/firebase deploy --only hosting --project mhuri-money
[debug] [2026-09-30T19:06:16.834Z] CLI Version:   15.22.4
[debug] [2026-09-30T19:06:16.834Z] Platform:      darwin
[debug] [2026-09-30T19:06:16.834Z] Node Version:  v24.18.0
[debug] [2026-09-30T19:06:16.834Z] Detected Agent: codex_cli
[debug] [2026-09-30T19:06:16.834Z] Time:          Wed Sep 30 2026 21:06:16 GMT+0200 (Central Africa Time)
[debug] [2026-09-30T19:06:16.834Z] ----------------------------------------------------------------------
[debug] 
[debug] [2026-09-30T19:06:17.228Z] > command requires scopes: ["email","openid","https://www.googleapis.com/auth/cloudplatformprojects.readonly","https://www.googleapis.com/auth/firebase","https://www.googleapis.com/auth/cloud-platform"]
[debug] [2026-09-30T19:06:17.229Z] > authorizing via signed-in user (codzlabzim53@gmail.com)
[debug] [2026-09-30T19:06:17.229Z] [iam] checking project mhuri-money for permissions ["firebase.projects.get","firebasehosting.sites.update"]
[debug] [2026-09-30T19:06:17.229Z] Checked if tokens are valid: true, expires at: 1790798644816
[debug] [2026-09-30T19:06:17.229Z] Checked if tokens are valid: true, expires at: 1790798644816
[debug] [2026-09-30T19:06:17.230Z] >>> [apiv2][query] POST https://cloudresourcemanager.googleapis.com/v1/projects/mhuri-money:testIamPermissions [none]
[debug] [2026-09-30T19:06:17.230Z] >>> [apiv2][(partial)header] POST https://cloudresourcemanager.googleapis.com/v1/projects/mhuri-money:testIamPermissions  x-goog-user-project=mhuri-money
[debug] [2026-09-30T19:06:17.230Z] >>> [apiv2][body] POST https://cloudresourcemanager.googleapis.com/v1/projects/mhuri-money:testIamPermissions {"permissions":["firebase.projects.get","firebasehosting.sites.update"]}
[debug] [2026-09-30T19:06:19.026Z] <<< [apiv2][status] POST https://cloudresourcemanager.googleapis.com/v1/projects/mhuri-money:testIamPermissions 200
[debug] [2026-09-30T19:06:19.027Z] <<< [apiv2][body] POST https://cloudresourcemanager.googleapis.com/v1/projects/mhuri-money:testIamPermissions {"permissions":["firebase.projects.get","firebasehosting.sites.update"]}
[debug] [2026-09-30T19:06:19.027Z] Checked if tokens are valid: true, expires at: 1790798644816
[debug] [2026-09-30T19:06:19.028Z] Checked if tokens are valid: true, expires at: 1790798644816
[debug] [2026-09-30T19:06:19.028Z] >>> [apiv2][query] GET https://firebase.googleapis.com/v1beta1/projects/mhuri-money [none]
[debug] [2026-09-30T19:06:19.733Z] <<< [apiv2][status] GET https://firebase.googleapis.com/v1beta1/projects/mhuri-money 200
[debug] [2026-09-30T19:06:19.733Z] <<< [apiv2][body] GET https://firebase.googleapis.com/v1beta1/projects/mhuri-money {"projectId":"mhuri-money","projectNumber":"383203942042","displayName":"Mhuri Money","name":"projects/mhuri-money","resources":{"hostingSite":"mhuri-money"},"state":"ACTIVE","labels":{"firebase":"enabled"},"etag":"1_87d97d34-3433-4b93-96fd-4ce946800983"}
[info] 
[info] === Deploying to 'mhuri-money'...
[info] 
[info] i  deploying hosting 
[debug] [2026-09-30T19:06:19.738Z] Checked if tokens are valid: true, expires at: 1790798644816
[debug] [2026-09-30T19:06:19.739Z] Checked if tokens are valid: true, expires at: 1790798644816
[debug] [2026-09-30T19:06:19.739Z] >>> [apiv2][query] GET https://firebasehosting.googleapis.com/v1beta1/projects/mhuri-money/sites/mhuri-money [none]
[debug] [2026-09-30T19:06:21.882Z] <<< [apiv2][status] GET https://firebasehosting.googleapis.com/v1beta1/projects/mhuri-money/sites/mhuri-money 200
[debug] [2026-09-30T19:06:21.882Z] <<< [apiv2][body] GET https://firebasehosting.googleapis.com/v1beta1/projects/mhuri-money/sites/mhuri-money {"name":"projects/mhuri-money/sites/mhuri-money","defaultUrl":"https://mhuri-money.web.app","type":"DEFAULT_SITE"}
[debug] [2026-09-30T19:06:21.884Z] Checked if tokens are valid: true, expires at: 1790798644816
[debug] [2026-09-30T19:06:21.884Z] Checked if tokens are valid: true, expires at: 1790798644816
[debug] [2026-09-30T19:06:21.884Z] >>> [apiv2][query] POST https://firebasehosting.googleapis.com/v1beta1/projects/-/sites/mhuri-money/versions [none]
[debug] [2026-09-30T19:06:21.884Z] >>> [apiv2][body] POST https://firebasehosting.googleapis.com/v1beta1/projects/-/sites/mhuri-money/versions {"status":"CREATED","labels":{"deployment-tool":"cli-firebase"}}
[debug] [2026-09-30T19:06:23.498Z] <<< [apiv2][status] POST https://firebasehosting.googleapis.com/v1beta1/projects/-/sites/mhuri-money/versions 200
[debug] [2026-09-30T19:06:23.498Z] <<< [apiv2][body] POST https://firebasehosting.googleapis.com/v1beta1/projects/-/sites/mhuri-money/versions {"name":"projects/383203942042/sites/mhuri-money/versions/98874a2b453c694d","status":"CREATED","config":{},"labels":{"deployment-tool":"cli-firebase"}}
[info] i  hosting[mhuri-money]: beginning deploy... 
[info] i  hosting[mhuri-money]: found 11 files in hosting/public 
[debug] [2026-09-30T19:06:23.513Z] [hosting] uploading with 200 concurrency
[debug] [2026-09-30T19:06:23.516Z] Checked if tokens are valid: true, expires at: 1790798644816
[debug] [2026-09-30T19:06:23.516Z] Checked if tokens are valid: true, expires at: 1790798644816
[debug] [2026-09-30T19:06:23.516Z] [hosting] hash cache [aG9zdGluZy9wdWJsaWM] stored for 11 files
[debug] [2026-09-30T19:06:23.516Z] [hosting][hash queue][FINAL] {"max":0,"min":0,"avg":0,"active":0,"complete":11,"success":11,"errored":0,"retried":0,"total":11,"elapsed":2}
[debug] [2026-09-30T19:06:23.517Z] >>> [apiv2][query] POST https://firebasehosting.googleapis.com/v1beta1/projects/383203942042/sites/mhuri-money/versions/98874a2b453c694d:populateFiles [none]
[debug] [2026-09-30T19:06:23.517Z] >>> [apiv2][body] POST https://firebasehosting.googleapis.com/v1beta1/projects/383203942042/sites/mhuri-money/versions/98874a2b453c694d:populateFiles {"files":{"/styles.css":"bbd2220fb74cda59c586b01e410da4a4be58e70c29e89f9b7c6f2234f7db8256","/index.html":"5fb682d7b8c87970b5449a747110c6425aebcf0dbf38c9c7ef8578dde11dd4cb","/terms/index.html":"bf974ec67556319c2d5856eb3f41594ab62b3efa451e3c12a45627ec2c02ef3a","/privacy/index.html":"cf70cf71080255b368590073ccaaca44ca49ce6538cde2c3f654711a91b4656b","/delete-account/index.html":"790e0ab3626ce1d188128cb2eb60e51530384e3c7d8427c02798e593d8c228df","/assets/mhuri-icon.png":"6e7c9feabd3555434723f2d664e47c3a681a90105d27f432b0a2ba5cdada80aa","/assets/screens/sign-in.png":"4353c93add217607bdab36ce0469a85390a68de80f3b8cd62c41179d429a331e","/assets/screens/reports.png":"7f52c94ca7dad7860365396eaff36622f4a8635271532909b30d43181887e461","/assets/screens/home.png":"cabf16e487b68a951ae3ea849cb45e9c70be8d481d033589c047d21e616556d2","/assets/screens/family.png":"adf3cabbbceec3457c08ee33a4af9a54ecbef627d1cc9be01d8e50a3b50e734b","/assets/screens/create-account.png":"6465188514683ce82f03a084c5fdfdff4c97d28d1c95f2b6a36a6f79944d11b2"}}
[debug] [2026-09-30T19:06:24.541Z] <<< [apiv2][status] POST https://firebasehosting.googleapis.com/v1beta1/projects/383203942042/sites/mhuri-money/versions/98874a2b453c694d:populateFiles 200
[debug] [2026-09-30T19:06:24.541Z] <<< [apiv2][body] POST https://firebasehosting.googleapis.com/v1beta1/projects/383203942042/sites/mhuri-money/versions/98874a2b453c694d:populateFiles {"uploadUrl":"https://upload-firebasehosting.googleapis.com/upload/sites/mhuri-money/versions/98874a2b453c694d/files"}
[debug] [2026-09-30T19:06:24.542Z] [hosting][populate queue][FINAL] {"max":1027,"min":1027,"avg":1027,"active":0,"complete":1,"success":1,"errored":0,"retried":0,"total":1,"elapsed":1027}
[debug] [2026-09-30T19:06:24.542Z] [hosting] uploads queued: 0
[debug] [2026-09-30T19:06:24.542Z] [hosting][upload queue][FINAL] {"max":0,"min":9999999999,"avg":0,"active":0,"complete":0,"success":0,"errored":0,"retried":0,"total":0,"elapsed":1790795184542}
[info] i  hosting: upload complete 
[info] ✔  hosting[mhuri-money]: file upload complete 
[debug] [2026-09-30T19:06:24.543Z] [hosting] deploy completed after 1042ms
[debug] [2026-09-30T19:06:24.543Z] [
  {
    "config": {
      "public": "hosting/public",
      "ignore": [
        "firebase.json",
        "**/.*",
        "**/node_modules/**"
      ],
      "cleanUrls": true,
      "trailingSlash": false,
      "headers": [
        {
          "source": "**",
          "headers": [
            {
              "key": "Cache-Control",
              "value": "no-cache, max-age=0, must-revalidate"
            },
            {
              "key": "X-Content-Type-Options",
              "value": "nosniff"
            },
            {
              "key": "Referrer-Policy",
              "value": "strict-origin-when-cross-origin"
            },
            {
              "key": "X-Frame-Options",
              "value": "DENY"
            }
          ]
        }
      ],
      "site": "mhuri-money"
    },
    "version": "projects/383203942042/sites/mhuri-money/versions/98874a2b453c694d"
  }
]
[info] i  hosting[mhuri-money]: finalizing version... 
[debug] [2026-09-30T19:06:24.547Z] Checked if tokens are valid: true, expires at: 1790798644816
[debug] [2026-09-30T19:06:24.547Z] Checked if tokens are valid: true, expires at: 1790798644816
[debug] [2026-09-30T19:06:24.547Z] >>> [apiv2][query] PATCH https://firebasehosting.googleapis.com/v1beta1/projects/-/sites/mhuri-money/versions/98874a2b453c694d updateMask=status%2Cconfig
[debug] [2026-09-30T19:06:24.547Z] >>> [apiv2][body] PATCH https://firebasehosting.googleapis.com/v1beta1/projects/-/sites/mhuri-money/versions/98874a2b453c694d {"status":"FINALIZED","config":{"headers":[{"glob":"**","headers":{"Cache-Control":"no-cache, max-age=0, must-revalidate","X-Content-Type-Options":"nosniff","Referrer-Policy":"strict-origin-when-cross-origin","X-Frame-Options":"DENY"}}],"cleanUrls":true,"trailingSlashBehavior":"REMOVE"}}
[debug] [2026-09-30T19:06:26.184Z] <<< [apiv2][status] PATCH https://firebasehosting.googleapis.com/v1beta1/projects/-/sites/mhuri-money/versions/98874a2b453c694d 200
[debug] [2026-09-30T19:06:26.184Z] <<< [apiv2][body] PATCH https://firebasehosting.googleapis.com/v1beta1/projects/-/sites/mhuri-money/versions/98874a2b453c694d {"name":"projects/383203942042/sites/mhuri-money/versions/98874a2b453c694d","status":"FINALIZED","config":{"headers":[{"headers":{"Referrer-Policy":"strict-origin-when-cross-origin","X-Frame-Options":"DENY","Cache-Control":"no-cache, max-age=0, must-revalidate","X-Content-Type-Options":"nosniff"},"glob":"**"}],"cleanUrls":true,"trailingSlashBehavior":"REMOVE"},"labels":{"deployment-tool":"cli-firebase"},"createTime":"2026-09-30T19:06:22.683170Z","createUser":{"email":"codzlabzim53@gmail.com"},"finalizeTime":"2026-09-30T19:06:26.085648Z","finalizeUser":{"email":"codzlabzim53@gmail.com"}}
[debug] [2026-09-30T19:06:26.184Z] [hosting] finalized version for mhuri-money:[object Object]
[info] ✔  hosting[mhuri-money]: version finalized 
[info] i  hosting[mhuri-money]: releasing new version... 
[debug] [2026-09-30T19:06:26.185Z] Checked if tokens are valid: true, expires at: 1790798644816
[debug] [2026-09-30T19:06:26.185Z] Checked if tokens are valid: true, expires at: 1790798644816
[debug] [2026-09-30T19:06:26.186Z] >>> [apiv2][query] POST https://firebasehosting.googleapis.com/v1beta1/projects/-/sites/mhuri-money/channels/live/releases versionName=projects%2F383203942042%2Fsites%2Fmhuri-money%2Fversions%2F98874a2b453c694d
[debug] [2026-09-30T19:06:26.186Z] >>> [apiv2][body] POST https://firebasehosting.googleapis.com/v1beta1/projects/-/sites/mhuri-money/channels/live/releases {}
[debug] [2026-09-30T19:06:27.822Z] <<< [apiv2][status] POST https://firebasehosting.googleapis.com/v1beta1/projects/-/sites/mhuri-money/channels/live/releases 200
[debug] [2026-09-30T19:09:23.349Z] ----------------------------------------------------------------------
[debug] [2026-09-30T19:09:23.351Z] Command:       /Users/mac/.nvm/versions/node/v24.18.0/bin/node /Users/mac/.nvm/versions/node/v24.18.0/bin/firebase deploy --only hosting --project mhuri-money
[debug] [2026-09-30T19:09:23.351Z] CLI Version:   15.22.4
[debug] [2026-09-30T19:09:23.351Z] Platform:      darwin
[debug] [2026-09-30T19:09:23.351Z] Node Version:  v24.18.0
[debug] [2026-09-30T19:09:23.351Z] Detected Agent: codex_cli
[debug] [2026-09-30T19:09:23.351Z] Time:          Wed Sep 30 2026 21:09:23 GMT+0200 (Central Africa Time)
[debug] [2026-09-30T19:09:23.351Z] ----------------------------------------------------------------------
[debug] 
[debug] [2026-09-30T19:09:23.761Z] > command requires scopes: ["email","openid","https://www.googleapis.com/auth/cloudplatformprojects.readonly","https://www.googleapis.com/auth/firebase","https://www.googleapis.com/auth/cloud-platform"]
[debug] [2026-09-30T19:09:23.762Z] > authorizing via signed-in user (codzlabzim53@gmail.com)
[debug] [2026-09-30T19:09:23.762Z] [iam] checking project mhuri-money for permissions ["firebase.projects.get","firebasehosting.sites.update"]
[debug] [2026-09-30T19:09:23.762Z] Checked if tokens are valid: true, expires at: 1790798644816
[debug] [2026-09-30T19:09:23.762Z] Checked if tokens are valid: true, expires at: 1790798644816
[debug] [2026-09-30T19:09:23.763Z] >>> [apiv2][query] POST https://cloudresourcemanager.googleapis.com/v1/projects/mhuri-money:testIamPermissions [none]
[debug] [2026-09-30T19:09:23.763Z] >>> [apiv2][(partial)header] POST https://cloudresourcemanager.googleapis.com/v1/projects/mhuri-money:testIamPermissions  x-goog-user-project=mhuri-money
[debug] [2026-09-30T19:09:23.763Z] >>> [apiv2][body] POST https://cloudresourcemanager.googleapis.com/v1/projects/mhuri-money:testIamPermissions {"permissions":["firebase.projects.get","firebasehosting.sites.update"]}
[debug] [2026-09-30T19:09:25.571Z] <<< [apiv2][status] POST https://cloudresourcemanager.googleapis.com/v1/projects/mhuri-money:testIamPermissions 200
[debug] [2026-09-30T19:09:25.571Z] <<< [apiv2][body] POST https://cloudresourcemanager.googleapis.com/v1/projects/mhuri-money:testIamPermissions {"permissions":["firebase.projects.get","firebasehosting.sites.update"]}
[debug] [2026-09-30T19:09:25.572Z] Checked if tokens are valid: true, expires at: 1790798644816
[debug] [2026-09-30T19:09:25.572Z] Checked if tokens are valid: true, expires at: 1790798644816
[debug] [2026-09-30T19:09:25.573Z] >>> [apiv2][query] GET https://firebase.googleapis.com/v1beta1/projects/mhuri-money [none]
[debug] [2026-09-30T19:09:26.345Z] <<< [apiv2][status] GET https://firebase.googleapis.com/v1beta1/projects/mhuri-money 200
[debug] [2026-09-30T19:09:26.345Z] <<< [apiv2][body] GET https://firebase.googleapis.com/v1beta1/projects/mhuri-money {"projectId":"mhuri-money","projectNumber":"383203942042","displayName":"Mhuri Money","name":"projects/mhuri-money","resources":{"hostingSite":"mhuri-money"},"state":"ACTIVE","labels":{"firebase":"enabled"},"etag":"1_87d97d34-3433-4b93-96fd-4ce946800983"}
[info] 
[info] === Deploying to 'mhuri-money'...
[info] 
[info] i  deploying hosting 
[debug] [2026-09-30T19:09:26.347Z] Checked if tokens are valid: true, expires at: 1790798644816
[debug] [2026-09-30T19:09:26.347Z] Checked if tokens are valid: true, expires at: 1790798644816
[debug] [2026-09-30T19:09:26.347Z] >>> [apiv2][query] GET https://firebasehosting.googleapis.com/v1beta1/projects/mhuri-money/sites/mhuri-money [none]
[debug] [2026-09-30T19:09:28.635Z] <<< [apiv2][status] GET https://firebasehosting.googleapis.com/v1beta1/projects/mhuri-money/sites/mhuri-money 200
[debug] [2026-09-30T19:09:28.635Z] <<< [apiv2][body] GET https://firebasehosting.googleapis.com/v1beta1/projects/mhuri-money/sites/mhuri-money {"name":"projects/mhuri-money/sites/mhuri-money","defaultUrl":"https://mhuri-money.web.app","type":"DEFAULT_SITE"}
[debug] [2026-09-30T19:09:28.637Z] Checked if tokens are valid: true, expires at: 1790798644816
[debug] [2026-09-30T19:09:28.637Z] Checked if tokens are valid: true, expires at: 1790798644816
[debug] [2026-09-30T19:09:28.637Z] >>> [apiv2][query] POST https://firebasehosting.googleapis.com/v1beta1/projects/-/sites/mhuri-money/versions [none]
[debug] [2026-09-30T19:09:28.638Z] >>> [apiv2][body] POST https://firebasehosting.googleapis.com/v1beta1/projects/-/sites/mhuri-money/versions {"status":"CREATED","labels":{"deployment-tool":"cli-firebase"}}
[debug] [2026-09-30T19:09:30.379Z] <<< [apiv2][status] POST https://firebasehosting.googleapis.com/v1beta1/projects/-/sites/mhuri-money/versions 200
[debug] [2026-09-30T19:09:30.380Z] <<< [apiv2][body] POST https://firebasehosting.googleapis.com/v1beta1/projects/-/sites/mhuri-money/versions {"name":"projects/383203942042/sites/mhuri-money/versions/2f3fb1dce4545deb","status":"CREATED","config":{},"labels":{"deployment-tool":"cli-firebase"}}
[info] i  hosting[mhuri-money]: beginning deploy... 
[info] i  hosting[mhuri-money]: found 11 files in hosting/public 
[debug] [2026-09-30T19:09:30.402Z] [hosting] uploading with 200 concurrency
[debug] [2026-09-30T19:09:30.409Z] Checked if tokens are valid: true, expires at: 1790798644816
[debug] [2026-09-30T19:09:30.409Z] Checked if tokens are valid: true, expires at: 1790798644816
[debug] [2026-09-30T19:09:30.410Z] [hosting] hash cache [aG9zdGluZy9wdWJsaWM] stored for 11 files
[debug] [2026-09-30T19:09:30.410Z] [hosting][hash queue][FINAL] {"max":6,"min":0,"avg":0.5454545454545454,"active":0,"complete":11,"success":11,"errored":0,"retried":0,"total":11,"elapsed":7}
[debug] [2026-09-30T19:09:30.411Z] >>> [apiv2][query] POST https://firebasehosting.googleapis.com/v1beta1/projects/383203942042/sites/mhuri-money/versions/2f3fb1dce4545deb:populateFiles [none]
[debug] [2026-09-30T19:09:30.411Z] >>> [apiv2][body] POST https://firebasehosting.googleapis.com/v1beta1/projects/383203942042/sites/mhuri-money/versions/2f3fb1dce4545deb:populateFiles {"files":{"/index.html":"5fb682d7b8c87970b5449a747110c6425aebcf0dbf38c9c7ef8578dde11dd4cb","/terms/index.html":"bf974ec67556319c2d5856eb3f41594ab62b3efa451e3c12a45627ec2c02ef3a","/privacy/index.html":"cf70cf71080255b368590073ccaaca44ca49ce6538cde2c3f654711a91b4656b","/delete-account/index.html":"790e0ab3626ce1d188128cb2eb60e51530384e3c7d8427c02798e593d8c228df","/assets/mhuri-icon.png":"6e7c9feabd3555434723f2d664e47c3a681a90105d27f432b0a2ba5cdada80aa","/assets/screens/sign-in.png":"4353c93add217607bdab36ce0469a85390a68de80f3b8cd62c41179d429a331e","/assets/screens/reports.png":"7f52c94ca7dad7860365396eaff36622f4a8635271532909b30d43181887e461","/assets/screens/home.png":"cabf16e487b68a951ae3ea849cb45e9c70be8d481d033589c047d21e616556d2","/assets/screens/family.png":"adf3cabbbceec3457c08ee33a4af9a54ecbef627d1cc9be01d8e50a3b50e734b","/assets/screens/create-account.png":"6465188514683ce82f03a084c5fdfdff4c97d28d1c95f2b6a36a6f79944d11b2","/styles.css":"3cf6a908608a5ac5bb5b2a0939577ebccf93813fe03adeac0b5be14cf39b932b"}}
[debug] [2026-09-30T19:09:31.460Z] <<< [apiv2][status] POST https://firebasehosting.googleapis.com/v1beta1/projects/383203942042/sites/mhuri-money/versions/2f3fb1dce4545deb:populateFiles 200
[debug] [2026-09-30T19:09:31.460Z] <<< [apiv2][body] POST https://firebasehosting.googleapis.com/v1beta1/projects/383203942042/sites/mhuri-money/versions/2f3fb1dce4545deb:populateFiles {"uploadRequiredHashes":["3cf6a908608a5ac5bb5b2a0939577ebccf93813fe03adeac0b5be14cf39b932b"],"uploadUrl":"https://upload-firebasehosting.googleapis.com/upload/sites/mhuri-money/versions/2f3fb1dce4545deb/files"}
[debug] [2026-09-30T19:09:31.461Z] Checked if tokens are valid: true, expires at: 1790798644816
[debug] [2026-09-30T19:09:31.461Z] Checked if tokens are valid: true, expires at: 1790798644816
[debug] [2026-09-30T19:09:31.462Z] >>> [apiv2][query] POST https://upload-firebasehosting.googleapis.com/upload/sites/mhuri-money/versions/2f3fb1dce4545deb/files/3cf6a908608a5ac5bb5b2a0939577ebccf93813fe03adeac0b5be14cf39b932b [none]
[debug] [2026-09-30T19:09:31.462Z] >>> [apiv2][body] POST https://upload-firebasehosting.googleapis.com/upload/sites/mhuri-money/versions/2f3fb1dce4545deb/files/3cf6a908608a5ac5bb5b2a0939577ebccf93813fe03adeac0b5be14cf39b932b [stream]
[debug] [2026-09-30T19:09:31.465Z] [hosting][populate queue][FINAL] {"max":1053,"min":1053,"avg":1053,"active":0,"complete":1,"success":1,"errored":0,"retried":0,"total":1,"elapsed":1056}
[debug] [2026-09-30T19:09:31.465Z] [hosting] uploads queued: 1
[info] i  hosting: uploading new files [0/1] (0%) 
[info] i  hosting: uploading new files [0/1] (0%) 
[debug] [2026-09-30T19:09:35.472Z] <<< [apiv2][status] POST https://upload-firebasehosting.googleapis.com/upload/sites/mhuri-money/versions/2f3fb1dce4545deb/files/3cf6a908608a5ac5bb5b2a0939577ebccf93813fe03adeac0b5be14cf39b932b 200
[debug] [2026-09-30T19:09:35.472Z] <<< [apiv2][body] POST https://upload-firebasehosting.googleapis.com/upload/sites/mhuri-money/versions/2f3fb1dce4545deb/files/3cf6a908608a5ac5bb5b2a0939577ebccf93813fe03adeac0b5be14cf39b932b [stream]
[debug] [2026-09-30T19:09:35.474Z] [hosting][upload queue][FINAL] {"max":4013,"min":4013,"avg":4013,"active":0,"complete":1,"success":1,"errored":0,"retried":0,"total":1,"elapsed":4013}
[info] i  hosting: upload complete 
[info] ✔  hosting[mhuri-money]: file upload complete 
[debug] [2026-09-30T19:09:35.475Z] [hosting] deploy completed after 5091ms
[debug] [2026-09-30T19:09:35.475Z] [
  {
    "config": {
      "public": "hosting/public",
      "ignore": [
        "firebase.json",
        "**/.*",
        "**/node_modules/**"
      ],
      "cleanUrls": true,
      "trailingSlash": false,
      "headers": [
        {
          "source": "**",
          "headers": [
            {
              "key": "Cache-Control",
              "value": "no-cache, max-age=0, must-revalidate"
            },
            {
              "key": "X-Content-Type-Options",
              "value": "nosniff"
            },
            {
              "key": "Referrer-Policy",
              "value": "strict-origin-when-cross-origin"
            },
            {
              "key": "X-Frame-Options",
              "value": "DENY"
            }
          ]
        }
      ],
      "site": "mhuri-money"
    },
    "version": "projects/383203942042/sites/mhuri-money/versions/2f3fb1dce4545deb"
  }
]
[info] i  hosting[mhuri-money]: finalizing version... 
[debug] [2026-09-30T19:09:35.478Z] Checked if tokens are valid: true, expires at: 1790798644816
[debug] [2026-09-30T19:09:35.478Z] Checked if tokens are valid: true, expires at: 1790798644816
[debug] [2026-09-30T19:09:35.479Z] >>> [apiv2][query] PATCH https://firebasehosting.googleapis.com/v1beta1/projects/-/sites/mhuri-money/versions/2f3fb1dce4545deb updateMask=status%2Cconfig
[debug] [2026-09-30T19:09:35.479Z] >>> [apiv2][body] PATCH https://firebasehosting.googleapis.com/v1beta1/projects/-/sites/mhuri-money/versions/2f3fb1dce4545deb {"status":"FINALIZED","config":{"headers":[{"glob":"**","headers":{"Cache-Control":"no-cache, max-age=0, must-revalidate","X-Content-Type-Options":"nosniff","Referrer-Policy":"strict-origin-when-cross-origin","X-Frame-Options":"DENY"}}],"cleanUrls":true,"trailingSlashBehavior":"REMOVE"}}
[debug] [2026-09-30T19:09:37.238Z] <<< [apiv2][status] PATCH https://firebasehosting.googleapis.com/v1beta1/projects/-/sites/mhuri-money/versions/2f3fb1dce4545deb 200
[debug] [2026-09-30T19:09:37.238Z] <<< [apiv2][body] PATCH https://firebasehosting.googleapis.com/v1beta1/projects/-/sites/mhuri-money/versions/2f3fb1dce4545deb {"name":"projects/383203942042/sites/mhuri-money/versions/2f3fb1dce4545deb","status":"FINALIZED","config":{"headers":[{"headers":{"X-Frame-Options":"DENY","Cache-Control":"no-cache, max-age=0, must-revalidate","X-Content-Type-Options":"nosniff","Referrer-Policy":"strict-origin-when-cross-origin"},"glob":"**"}],"cleanUrls":true,"trailingSlashBehavior":"REMOVE"},"labels":{"deployment-tool":"cli-firebase"},"createTime":"2026-09-30T19:09:29.427250Z","createUser":{"email":"codzlabzim53@gmail.com"},"finalizeTime":"2026-09-30T19:09:37.020689Z","finalizeUser":{"email":"codzlabzim53@gmail.com"}}
[debug] [2026-09-30T19:09:37.239Z] [hosting] finalized version for mhuri-money:[object Object]
[info] ✔  hosting[mhuri-money]: version finalized 
[info] i  hosting[mhuri-money]: releasing new version... 
[debug] [2026-09-30T19:09:37.239Z] Checked if tokens are valid: true, expires at: 1790798644816
[debug] [2026-09-30T19:09:37.241Z] Checked if tokens are valid: true, expires at: 1790798644816
[debug] [2026-09-30T19:09:37.241Z] >>> [apiv2][query] POST https://firebasehosting.googleapis.com/v1beta1/projects/-/sites/mhuri-money/channels/live/releases versionName=projects%2F383203942042%2Fsites%2Fmhuri-money%2Fversions%2F2f3fb1dce4545deb
[debug] [2026-09-30T19:09:37.242Z] >>> [apiv2][body] POST https://firebasehosting.googleapis.com/v1beta1/projects/-/sites/mhuri-money/channels/live/releases {}
[debug] [2026-09-30T19:09:38.874Z] <<< [apiv2][status] POST https://firebasehosting.googleapis.com/v1beta1/projects/-/sites/mhuri-money/channels/live/releases 200
[debug] [2026-09-30T19:11:20.497Z] ----------------------------------------------------------------------
[debug] [2026-09-30T19:11:20.498Z] Command:       /Users/mac/.nvm/versions/node/v24.18.0/bin/node /Users/mac/.nvm/versions/node/v24.18.0/bin/firebase deploy --only hosting --project mhuri-money
[debug] [2026-09-30T19:11:20.498Z] CLI Version:   15.22.4
[debug] [2026-09-30T19:11:20.498Z] Platform:      darwin
[debug] [2026-09-30T19:11:20.498Z] Node Version:  v24.18.0
[debug] [2026-09-30T19:11:20.499Z] Detected Agent: codex_cli
[debug] [2026-09-30T19:11:20.499Z] Time:          Wed Sep 30 2026 21:11:20 GMT+0200 (Central Africa Time)
[debug] [2026-09-30T19:11:20.499Z] ----------------------------------------------------------------------
[debug] 
[debug] [2026-09-30T19:11:20.906Z] > command requires scopes: ["email","openid","https://www.googleapis.com/auth/cloudplatformprojects.readonly","https://www.googleapis.com/auth/firebase","https://www.googleapis.com/auth/cloud-platform"]
[debug] [2026-09-30T19:11:20.906Z] > authorizing via signed-in user (codzlabzim53@gmail.com)
[debug] [2026-09-30T19:11:20.906Z] [iam] checking project mhuri-money for permissions ["firebase.projects.get","firebasehosting.sites.update"]
[debug] [2026-09-30T19:11:20.907Z] Checked if tokens are valid: true, expires at: 1790798644816
[debug] [2026-09-30T19:11:20.907Z] Checked if tokens are valid: true, expires at: 1790798644816
[debug] [2026-09-30T19:11:20.908Z] >>> [apiv2][query] POST https://cloudresourcemanager.googleapis.com/v1/projects/mhuri-money:testIamPermissions [none]
[debug] [2026-09-30T19:11:20.908Z] >>> [apiv2][(partial)header] POST https://cloudresourcemanager.googleapis.com/v1/projects/mhuri-money:testIamPermissions  x-goog-user-project=mhuri-money
[debug] [2026-09-30T19:11:20.908Z] >>> [apiv2][body] POST https://cloudresourcemanager.googleapis.com/v1/projects/mhuri-money:testIamPermissions {"permissions":["firebase.projects.get","firebasehosting.sites.update"]}
[debug] [2026-09-30T19:11:22.722Z] <<< [apiv2][status] POST https://cloudresourcemanager.googleapis.com/v1/projects/mhuri-money:testIamPermissions 200
[debug] [2026-09-30T19:11:22.722Z] <<< [apiv2][body] POST https://cloudresourcemanager.googleapis.com/v1/projects/mhuri-money:testIamPermissions {"permissions":["firebase.projects.get","firebasehosting.sites.update"]}
[debug] [2026-09-30T19:11:22.723Z] Checked if tokens are valid: true, expires at: 1790798644816
[debug] [2026-09-30T19:11:22.723Z] Checked if tokens are valid: true, expires at: 1790798644816
[debug] [2026-09-30T19:11:22.724Z] >>> [apiv2][query] GET https://firebase.googleapis.com/v1beta1/projects/mhuri-money [none]
[debug] [2026-09-30T19:11:23.398Z] <<< [apiv2][status] GET https://firebase.googleapis.com/v1beta1/projects/mhuri-money 200
[debug] [2026-09-30T19:11:23.398Z] <<< [apiv2][body] GET https://firebase.googleapis.com/v1beta1/projects/mhuri-money {"projectId":"mhuri-money","projectNumber":"383203942042","displayName":"Mhuri Money","name":"projects/mhuri-money","resources":{"hostingSite":"mhuri-money"},"state":"ACTIVE","labels":{"firebase":"enabled"},"etag":"1_87d97d34-3433-4b93-96fd-4ce946800983"}
[info] 
[info] === Deploying to 'mhuri-money'...
[info] 
[info] i  deploying hosting 
[debug] [2026-09-30T19:11:23.403Z] Checked if tokens are valid: true, expires at: 1790798644816
[debug] [2026-09-30T19:11:23.403Z] Checked if tokens are valid: true, expires at: 1790798644816
[debug] [2026-09-30T19:11:23.403Z] >>> [apiv2][query] GET https://firebasehosting.googleapis.com/v1beta1/projects/mhuri-money/sites/mhuri-money [none]
[debug] [2026-09-30T19:11:25.752Z] <<< [apiv2][status] GET https://firebasehosting.googleapis.com/v1beta1/projects/mhuri-money/sites/mhuri-money 200
[debug] [2026-09-30T19:11:25.752Z] <<< [apiv2][body] GET https://firebasehosting.googleapis.com/v1beta1/projects/mhuri-money/sites/mhuri-money {"name":"projects/mhuri-money/sites/mhuri-money","defaultUrl":"https://mhuri-money.web.app","type":"DEFAULT_SITE"}
[debug] [2026-09-30T19:11:25.754Z] Checked if tokens are valid: true, expires at: 1790798644816
[debug] [2026-09-30T19:11:25.754Z] Checked if tokens are valid: true, expires at: 1790798644816
[debug] [2026-09-30T19:11:25.754Z] >>> [apiv2][query] POST https://firebasehosting.googleapis.com/v1beta1/projects/-/sites/mhuri-money/versions [none]
[debug] [2026-09-30T19:11:25.754Z] >>> [apiv2][body] POST https://firebasehosting.googleapis.com/v1beta1/projects/-/sites/mhuri-money/versions {"status":"CREATED","labels":{"deployment-tool":"cli-firebase"}}
[debug] [2026-09-30T19:11:27.631Z] <<< [apiv2][status] POST https://firebasehosting.googleapis.com/v1beta1/projects/-/sites/mhuri-money/versions 200
[debug] [2026-09-30T19:11:27.631Z] <<< [apiv2][body] POST https://firebasehosting.googleapis.com/v1beta1/projects/-/sites/mhuri-money/versions {"name":"projects/383203942042/sites/mhuri-money/versions/54fce16ccb960647","status":"CREATED","config":{},"labels":{"deployment-tool":"cli-firebase"}}
[info] i  hosting[mhuri-money]: beginning deploy... 
[info] i  hosting[mhuri-money]: found 11 files in hosting/public 
[debug] [2026-09-30T19:11:27.649Z] [hosting] uploading with 200 concurrency
[debug] [2026-09-30T19:11:27.651Z] Checked if tokens are valid: true, expires at: 1790798644816
[debug] [2026-09-30T19:11:27.651Z] Checked if tokens are valid: true, expires at: 1790798644816
[debug] [2026-09-30T19:11:27.652Z] [hosting] hash cache [aG9zdGluZy9wdWJsaWM] stored for 11 files
[debug] [2026-09-30T19:11:27.652Z] [hosting][hash queue][FINAL] {"max":2,"min":0,"avg":0.45454545454545453,"active":0,"complete":11,"success":11,"errored":0,"retried":0,"total":11,"elapsed":3}
[debug] [2026-09-30T19:11:27.652Z] >>> [apiv2][query] POST https://firebasehosting.googleapis.com/v1beta1/projects/383203942042/sites/mhuri-money/versions/54fce16ccb960647:populateFiles [none]
[debug] [2026-09-30T19:11:27.652Z] >>> [apiv2][body] POST https://firebasehosting.googleapis.com/v1beta1/projects/383203942042/sites/mhuri-money/versions/54fce16ccb960647:populateFiles {"files":{"/styles.css":"3cf6a908608a5ac5bb5b2a0939577ebccf93813fe03adeac0b5be14cf39b932b","/assets/mhuri-icon.png":"6e7c9feabd3555434723f2d664e47c3a681a90105d27f432b0a2ba5cdada80aa","/assets/screens/sign-in.png":"4353c93add217607bdab36ce0469a85390a68de80f3b8cd62c41179d429a331e","/assets/screens/reports.png":"7f52c94ca7dad7860365396eaff36622f4a8635271532909b30d43181887e461","/assets/screens/home.png":"cabf16e487b68a951ae3ea849cb45e9c70be8d481d033589c047d21e616556d2","/assets/screens/family.png":"adf3cabbbceec3457c08ee33a4af9a54ecbef627d1cc9be01d8e50a3b50e734b","/assets/screens/create-account.png":"6465188514683ce82f03a084c5fdfdff4c97d28d1c95f2b6a36a6f79944d11b2","/terms/index.html":"bbe3eb85e0fdec9c154245f7d676652a9735591b2965731b622fc780712b3957","/delete-account/index.html":"8ff182bb8ec0330d4edc531b7741fc513478e9cf515c72842b73f2d7a5581922","/index.html":"17ca0cdf7d09afdcb74b2c9fb2030ba8385cc592902f5ad35b6d6117d1049747","/privacy/index.html":"f7e6f4696011d61bca6e952f4036b780dda7dc54881e5e943bc76370e6a6b241"}}
[debug] [2026-09-30T19:11:28.810Z] <<< [apiv2][status] POST https://firebasehosting.googleapis.com/v1beta1/projects/383203942042/sites/mhuri-money/versions/54fce16ccb960647:populateFiles 200
[debug] [2026-09-30T19:11:28.810Z] <<< [apiv2][body] POST https://firebasehosting.googleapis.com/v1beta1/projects/383203942042/sites/mhuri-money/versions/54fce16ccb960647:populateFiles {"uploadRequiredHashes":["17ca0cdf7d09afdcb74b2c9fb2030ba8385cc592902f5ad35b6d6117d1049747","f7e6f4696011d61bca6e952f4036b780dda7dc54881e5e943bc76370e6a6b241","bbe3eb85e0fdec9c154245f7d676652a9735591b2965731b622fc780712b3957","8ff182bb8ec0330d4edc531b7741fc513478e9cf515c72842b73f2d7a5581922"],"uploadUrl":"https://upload-firebasehosting.googleapis.com/upload/sites/mhuri-money/versions/54fce16ccb960647/files"}
[debug] [2026-09-30T19:11:28.811Z] Checked if tokens are valid: true, expires at: 1790798644816
[debug] [2026-09-30T19:11:28.811Z] Checked if tokens are valid: true, expires at: 1790798644816
[debug] [2026-09-30T19:11:28.811Z] Checked if tokens are valid: true, expires at: 1790798644816
[debug] [2026-09-30T19:11:28.811Z] Checked if tokens are valid: true, expires at: 1790798644816
[debug] [2026-09-30T19:11:28.812Z] Checked if tokens are valid: true, expires at: 1790798644816
[debug] [2026-09-30T19:11:28.812Z] Checked if tokens are valid: true, expires at: 1790798644816
[debug] [2026-09-30T19:11:28.812Z] Checked if tokens are valid: true, expires at: 1790798644816
[debug] [2026-09-30T19:11:28.812Z] Checked if tokens are valid: true, expires at: 1790798644816
[debug] [2026-09-30T19:11:28.813Z] >>> [apiv2][query] POST https://upload-firebasehosting.googleapis.com/upload/sites/mhuri-money/versions/54fce16ccb960647/files/17ca0cdf7d09afdcb74b2c9fb2030ba8385cc592902f5ad35b6d6117d1049747 [none]
[debug] [2026-09-30T19:11:28.813Z] >>> [apiv2][body] POST https://upload-firebasehosting.googleapis.com/upload/sites/mhuri-money/versions/54fce16ccb960647/files/17ca0cdf7d09afdcb74b2c9fb2030ba8385cc592902f5ad35b6d6117d1049747 [stream]
[debug] [2026-09-30T19:11:28.814Z] >>> [apiv2][query] POST https://upload-firebasehosting.googleapis.com/upload/sites/mhuri-money/versions/54fce16ccb960647/files/f7e6f4696011d61bca6e952f4036b780dda7dc54881e5e943bc76370e6a6b241 [none]
[debug] [2026-09-30T19:11:28.814Z] >>> [apiv2][body] POST https://upload-firebasehosting.googleapis.com/upload/sites/mhuri-money/versions/54fce16ccb960647/files/f7e6f4696011d61bca6e952f4036b780dda7dc54881e5e943bc76370e6a6b241 [stream]
[debug] [2026-09-30T19:11:28.815Z] >>> [apiv2][query] POST https://upload-firebasehosting.googleapis.com/upload/sites/mhuri-money/versions/54fce16ccb960647/files/bbe3eb85e0fdec9c154245f7d676652a9735591b2965731b622fc780712b3957 [none]
[debug] [2026-09-30T19:11:28.815Z] >>> [apiv2][body] POST https://upload-firebasehosting.googleapis.com/upload/sites/mhuri-money/versions/54fce16ccb960647/files/bbe3eb85e0fdec9c154245f7d676652a9735591b2965731b622fc780712b3957 [stream]
[debug] [2026-09-30T19:11:28.816Z] >>> [apiv2][query] POST https://upload-firebasehosting.googleapis.com/upload/sites/mhuri-money/versions/54fce16ccb960647/files/8ff182bb8ec0330d4edc531b7741fc513478e9cf515c72842b73f2d7a5581922 [none]
[debug] [2026-09-30T19:11:28.816Z] >>> [apiv2][body] POST https://upload-firebasehosting.googleapis.com/upload/sites/mhuri-money/versions/54fce16ccb960647/files/8ff182bb8ec0330d4edc531b7741fc513478e9cf515c72842b73f2d7a5581922 [stream]
[debug] [2026-09-30T19:11:28.817Z] [hosting][populate queue][FINAL] {"max":1161,"min":1161,"avg":1161,"active":0,"complete":1,"success":1,"errored":0,"retried":0,"total":1,"elapsed":1166}
[debug] [2026-09-30T19:11:28.817Z] [hosting] uploads queued: 4
[info] i  hosting: uploading new files [0/4] (0%) 
[debug] [2026-09-30T19:11:30.392Z] <<< [apiv2][status] POST https://upload-firebasehosting.googleapis.com/upload/sites/mhuri-money/versions/54fce16ccb960647/files/bbe3eb85e0fdec9c154245f7d676652a9735591b2965731b622fc780712b3957 200
[debug] [2026-09-30T19:11:30.392Z] <<< [apiv2][body] POST https://upload-firebasehosting.googleapis.com/upload/sites/mhuri-money/versions/54fce16ccb960647/files/bbe3eb85e0fdec9c154245f7d676652a9735591b2965731b622fc780712b3957 [stream]
[debug] [2026-09-30T19:11:30.473Z] <<< [apiv2][status] POST https://upload-firebasehosting.googleapis.com/upload/sites/mhuri-money/versions/54fce16ccb960647/files/17ca0cdf7d09afdcb74b2c9fb2030ba8385cc592902f5ad35b6d6117d1049747 200
[debug] [2026-09-30T19:11:30.473Z] <<< [apiv2][body] POST https://upload-firebasehosting.googleapis.com/upload/sites/mhuri-money/versions/54fce16ccb960647/files/17ca0cdf7d09afdcb74b2c9fb2030ba8385cc592902f5ad35b6d6117d1049747 [stream]
[debug] [2026-09-30T19:11:30.842Z] <<< [apiv2][status] POST https://upload-firebasehosting.googleapis.com/upload/sites/mhuri-money/versions/54fce16ccb960647/files/8ff182bb8ec0330d4edc531b7741fc513478e9cf515c72842b73f2d7a5581922 200
[debug] [2026-09-30T19:11:30.842Z] <<< [apiv2][body] POST https://upload-firebasehosting.googleapis.com/upload/sites/mhuri-money/versions/54fce16ccb960647/files/8ff182bb8ec0330d4edc531b7741fc513478e9cf515c72842b73f2d7a5581922 [stream]
[info] i  hosting: uploading new files [3/4] (75%) 
[debug] [2026-09-30T19:11:32.647Z] <<< [apiv2][status] POST https://upload-firebasehosting.googleapis.com/upload/sites/mhuri-money/versions/54fce16ccb960647/files/f7e6f4696011d61bca6e952f4036b780dda7dc54881e5e943bc76370e6a6b241 200
[debug] [2026-09-30T19:11:32.648Z] <<< [apiv2][body] POST https://upload-firebasehosting.googleapis.com/upload/sites/mhuri-money/versions/54fce16ccb960647/files/f7e6f4696011d61bca6e952f4036b780dda7dc54881e5e943bc76370e6a6b241 [stream]
[debug] [2026-09-30T19:11:32.648Z] [hosting][upload queue][FINAL] {"max":3837,"min":1580,"avg":2277.25,"active":0,"complete":4,"success":4,"errored":0,"retried":0,"total":4,"elapsed":3837}
[info] i  hosting: upload complete 
[info] ✔  hosting[mhuri-money]: file upload complete 
[debug] [2026-09-30T19:11:32.649Z] [hosting] deploy completed after 5007ms
[debug] [2026-09-30T19:11:32.649Z] [
  {
    "config": {
      "public": "hosting/public",
      "ignore": [
        "firebase.json",
        "**/.*",
        "**/node_modules/**"
      ],
      "cleanUrls": true,
      "trailingSlash": false,
      "headers": [
        {
          "source": "**",
          "headers": [
            {
              "key": "Cache-Control",
              "value": "no-cache, max-age=0, must-revalidate"
            },
            {
              "key": "X-Content-Type-Options",
              "value": "nosniff"
            },
            {
              "key": "Referrer-Policy",
              "value": "strict-origin-when-cross-origin"
            },
            {
              "key": "X-Frame-Options",
              "value": "DENY"
            }
          ]
        }
      ],
      "site": "mhuri-money"
    },
    "version": "projects/383203942042/sites/mhuri-money/versions/54fce16ccb960647"
  }
]
[info] i  hosting[mhuri-money]: finalizing version... 
[debug] [2026-09-30T19:11:32.652Z] Checked if tokens are valid: true, expires at: 1790798644816
[debug] [2026-09-30T19:11:32.653Z] Checked if tokens are valid: true, expires at: 1790798644816
[debug] [2026-09-30T19:11:32.653Z] >>> [apiv2][query] PATCH https://firebasehosting.googleapis.com/v1beta1/projects/-/sites/mhuri-money/versions/54fce16ccb960647 updateMask=status%2Cconfig
[debug] [2026-09-30T19:11:32.653Z] >>> [apiv2][body] PATCH https://firebasehosting.googleapis.com/v1beta1/projects/-/sites/mhuri-money/versions/54fce16ccb960647 {"status":"FINALIZED","config":{"headers":[{"glob":"**","headers":{"Cache-Control":"no-cache, max-age=0, must-revalidate","X-Content-Type-Options":"nosniff","Referrer-Policy":"strict-origin-when-cross-origin","X-Frame-Options":"DENY"}}],"cleanUrls":true,"trailingSlashBehavior":"REMOVE"}}
[debug] [2026-09-30T19:11:34.595Z] <<< [apiv2][status] PATCH https://firebasehosting.googleapis.com/v1beta1/projects/-/sites/mhuri-money/versions/54fce16ccb960647 200
[debug] [2026-09-30T19:11:34.595Z] <<< [apiv2][body] PATCH https://firebasehosting.googleapis.com/v1beta1/projects/-/sites/mhuri-money/versions/54fce16ccb960647 {"name":"projects/383203942042/sites/mhuri-money/versions/54fce16ccb960647","status":"FINALIZED","config":{"headers":[{"headers":{"X-Frame-Options":"DENY","Cache-Control":"no-cache, max-age=0, must-revalidate","X-Content-Type-Options":"nosniff","Referrer-Policy":"strict-origin-when-cross-origin"},"glob":"**"}],"cleanUrls":true,"trailingSlashBehavior":"REMOVE"},"labels":{"deployment-tool":"cli-firebase"},"createTime":"2026-09-30T19:11:26.557223Z","createUser":{"email":"codzlabzim53@gmail.com"},"finalizeTime":"2026-09-30T19:11:34.450720Z","finalizeUser":{"email":"codzlabzim53@gmail.com"}}
[debug] [2026-09-30T19:11:34.595Z] [hosting] finalized version for mhuri-money:[object Object]
[info] ✔  hosting[mhuri-money]: version finalized 
[info] i  hosting[mhuri-money]: releasing new version... 
[debug] [2026-09-30T19:11:34.596Z] Checked if tokens are valid: true, expires at: 1790798644816
[debug] [2026-09-30T19:11:34.596Z] Checked if tokens are valid: true, expires at: 1790798644816
[debug] [2026-09-30T19:11:34.597Z] >>> [apiv2][query] POST https://firebasehosting.googleapis.com/v1beta1/projects/-/sites/mhuri-money/channels/live/releases versionName=projects%2F383203942042%2Fsites%2Fmhuri-money%2Fversions%2F54fce16ccb960647
[debug] [2026-09-30T19:11:34.597Z] >>> [apiv2][body] POST https://firebasehosting.googleapis.com/v1beta1/projects/-/sites/mhuri-money/channels/live/releases {}
[debug] [2026-09-30T19:11:36.226Z] <<< [apiv2][status] POST https://firebasehosting.googleapis.com/v1beta1/projects/-/sites/mhuri-money/channels/live/releases 200
[debug] [2026-09-30T19:14:33.893Z] ----------------------------------------------------------------------
[debug] [2026-09-30T19:14:33.894Z] Command:       /Users/mac/.nvm/versions/node/v24.18.0/bin/node /Users/mac/.nvm/versions/node/v24.18.0/bin/firebase deploy --only hosting --project mhuri-money
[debug] [2026-09-30T19:14:33.894Z] CLI Version:   15.22.4
[debug] [2026-09-30T19:14:33.894Z] Platform:      darwin
[debug] [2026-09-30T19:14:33.894Z] Node Version:  v24.18.0
[debug] [2026-09-30T19:14:33.894Z] Detected Agent: codex_cli
[debug] [2026-09-30T19:14:33.894Z] Time:          Wed Sep 30 2026 21:14:33 GMT+0200 (Central Africa Time)
[debug] [2026-09-30T19:14:33.894Z] ----------------------------------------------------------------------
[debug] 
[debug] [2026-09-30T19:14:34.308Z] > command requires scopes: ["email","openid","https://www.googleapis.com/auth/cloudplatformprojects.readonly","https://www.googleapis.com/auth/firebase","https://www.googleapis.com/auth/cloud-platform"]
[debug] [2026-09-30T19:14:34.309Z] > authorizing via signed-in user (codzlabzim53@gmail.com)
[debug] [2026-09-30T19:14:34.309Z] [iam] checking project mhuri-money for permissions ["firebase.projects.get","firebasehosting.sites.update"]
[debug] [2026-09-30T19:14:34.310Z] Checked if tokens are valid: true, expires at: 1790798644816
[debug] [2026-09-30T19:14:34.310Z] Checked if tokens are valid: true, expires at: 1790798644816
[debug] [2026-09-30T19:14:34.310Z] >>> [apiv2][query] POST https://cloudresourcemanager.googleapis.com/v1/projects/mhuri-money:testIamPermissions [none]
[debug] [2026-09-30T19:14:34.310Z] >>> [apiv2][(partial)header] POST https://cloudresourcemanager.googleapis.com/v1/projects/mhuri-money:testIamPermissions  x-goog-user-project=mhuri-money
[debug] [2026-09-30T19:14:34.311Z] >>> [apiv2][body] POST https://cloudresourcemanager.googleapis.com/v1/projects/mhuri-money:testIamPermissions {"permissions":["firebase.projects.get","firebasehosting.sites.update"]}
[debug] [2026-09-30T19:14:36.089Z] <<< [apiv2][status] POST https://cloudresourcemanager.googleapis.com/v1/projects/mhuri-money:testIamPermissions 200
[debug] [2026-09-30T19:14:36.089Z] <<< [apiv2][body] POST https://cloudresourcemanager.googleapis.com/v1/projects/mhuri-money:testIamPermissions {"permissions":["firebase.projects.get","firebasehosting.sites.update"]}
[debug] [2026-09-30T19:14:36.090Z] Checked if tokens are valid: true, expires at: 1790798644816
[debug] [2026-09-30T19:14:36.090Z] Checked if tokens are valid: true, expires at: 1790798644816
[debug] [2026-09-30T19:14:36.091Z] >>> [apiv2][query] GET https://firebase.googleapis.com/v1beta1/projects/mhuri-money [none]
[debug] [2026-09-30T19:14:36.800Z] <<< [apiv2][status] GET https://firebase.googleapis.com/v1beta1/projects/mhuri-money 200
[debug] [2026-09-30T19:14:36.800Z] <<< [apiv2][body] GET https://firebase.googleapis.com/v1beta1/projects/mhuri-money {"projectId":"mhuri-money","projectNumber":"383203942042","displayName":"Mhuri Money","name":"projects/mhuri-money","resources":{"hostingSite":"mhuri-money"},"state":"ACTIVE","labels":{"firebase":"enabled"},"etag":"1_87d97d34-3433-4b93-96fd-4ce946800983"}
[info] 
[info] === Deploying to 'mhuri-money'...
[info] 
[info] i  deploying hosting 
[debug] [2026-09-30T19:14:36.804Z] Checked if tokens are valid: true, expires at: 1790798644816
[debug] [2026-09-30T19:14:36.805Z] Checked if tokens are valid: true, expires at: 1790798644816
[debug] [2026-09-30T19:14:36.805Z] >>> [apiv2][query] GET https://firebasehosting.googleapis.com/v1beta1/projects/mhuri-money/sites/mhuri-money [none]
[debug] [2026-09-30T19:14:39.051Z] <<< [apiv2][status] GET https://firebasehosting.googleapis.com/v1beta1/projects/mhuri-money/sites/mhuri-money 200
[debug] [2026-09-30T19:14:39.052Z] <<< [apiv2][body] GET https://firebasehosting.googleapis.com/v1beta1/projects/mhuri-money/sites/mhuri-money {"name":"projects/mhuri-money/sites/mhuri-money","defaultUrl":"https://mhuri-money.web.app","type":"DEFAULT_SITE"}
[debug] [2026-09-30T19:14:39.054Z] Checked if tokens are valid: true, expires at: 1790798644816
[debug] [2026-09-30T19:14:39.054Z] Checked if tokens are valid: true, expires at: 1790798644816
[debug] [2026-09-30T19:14:39.054Z] >>> [apiv2][query] POST https://firebasehosting.googleapis.com/v1beta1/projects/-/sites/mhuri-money/versions [none]
[debug] [2026-09-30T19:14:39.055Z] >>> [apiv2][body] POST https://firebasehosting.googleapis.com/v1beta1/projects/-/sites/mhuri-money/versions {"status":"CREATED","labels":{"deployment-tool":"cli-firebase"}}
[debug] [2026-09-30T19:14:41.224Z] <<< [apiv2][status] POST https://firebasehosting.googleapis.com/v1beta1/projects/-/sites/mhuri-money/versions 200
[debug] [2026-09-30T19:14:41.225Z] <<< [apiv2][body] POST https://firebasehosting.googleapis.com/v1beta1/projects/-/sites/mhuri-money/versions {"name":"projects/383203942042/sites/mhuri-money/versions/fe9fba906a096450","status":"CREATED","config":{},"labels":{"deployment-tool":"cli-firebase"}}
[info] i  hosting[mhuri-money]: beginning deploy... 
[info] i  hosting[mhuri-money]: found 11 files in hosting/public 
[debug] [2026-09-30T19:14:41.243Z] [hosting] uploading with 200 concurrency
[debug] [2026-09-30T19:14:41.248Z] Checked if tokens are valid: true, expires at: 1790798644816
[debug] [2026-09-30T19:14:41.248Z] Checked if tokens are valid: true, expires at: 1790798644816
[debug] [2026-09-30T19:14:41.249Z] [hosting] hash cache [aG9zdGluZy9wdWJsaWM] stored for 11 files
[debug] [2026-09-30T19:14:41.249Z] [hosting][hash queue][FINAL] {"max":3,"min":0,"avg":0.2727272727272727,"active":0,"complete":11,"success":11,"errored":0,"retried":0,"total":11,"elapsed":5}
[debug] [2026-09-30T19:14:41.250Z] >>> [apiv2][query] POST https://firebasehosting.googleapis.com/v1beta1/projects/383203942042/sites/mhuri-money/versions/fe9fba906a096450:populateFiles [none]
[debug] [2026-09-30T19:14:41.250Z] >>> [apiv2][body] POST https://firebasehosting.googleapis.com/v1beta1/projects/383203942042/sites/mhuri-money/versions/fe9fba906a096450:populateFiles {"files":{"/styles.css":"3cf6a908608a5ac5bb5b2a0939577ebccf93813fe03adeac0b5be14cf39b932b","/terms/index.html":"bbe3eb85e0fdec9c154245f7d676652a9735591b2965731b622fc780712b3957","/privacy/index.html":"f7e6f4696011d61bca6e952f4036b780dda7dc54881e5e943bc76370e6a6b241","/delete-account/index.html":"8ff182bb8ec0330d4edc531b7741fc513478e9cf515c72842b73f2d7a5581922","/assets/mhuri-icon.png":"6e7c9feabd3555434723f2d664e47c3a681a90105d27f432b0a2ba5cdada80aa","/assets/screens/sign-in.png":"4353c93add217607bdab36ce0469a85390a68de80f3b8cd62c41179d429a331e","/assets/screens/reports.png":"7f52c94ca7dad7860365396eaff36622f4a8635271532909b30d43181887e461","/assets/screens/home.png":"cabf16e487b68a951ae3ea849cb45e9c70be8d481d033589c047d21e616556d2","/assets/screens/family.png":"adf3cabbbceec3457c08ee33a4af9a54ecbef627d1cc9be01d8e50a3b50e734b","/assets/screens/create-account.png":"6465188514683ce82f03a084c5fdfdff4c97d28d1c95f2b6a36a6f79944d11b2","/index.html":"1fcf3e2c3a81402ac0cf054f3529e0530c5a54ec227179e3e9be6cf7ce860907"}}
[debug] [2026-09-30T19:14:42.358Z] <<< [apiv2][status] POST https://firebasehosting.googleapis.com/v1beta1/projects/383203942042/sites/mhuri-money/versions/fe9fba906a096450:populateFiles 200
[debug] [2026-09-30T19:14:42.358Z] <<< [apiv2][body] POST https://firebasehosting.googleapis.com/v1beta1/projects/383203942042/sites/mhuri-money/versions/fe9fba906a096450:populateFiles {"uploadRequiredHashes":["1fcf3e2c3a81402ac0cf054f3529e0530c5a54ec227179e3e9be6cf7ce860907"],"uploadUrl":"https://upload-firebasehosting.googleapis.com/upload/sites/mhuri-money/versions/fe9fba906a096450/files"}
[debug] [2026-09-30T19:14:42.359Z] Checked if tokens are valid: true, expires at: 1790798644816
[debug] [2026-09-30T19:14:42.359Z] Checked if tokens are valid: true, expires at: 1790798644816
[debug] [2026-09-30T19:14:42.359Z] >>> [apiv2][query] POST https://upload-firebasehosting.googleapis.com/upload/sites/mhuri-money/versions/fe9fba906a096450/files/1fcf3e2c3a81402ac0cf054f3529e0530c5a54ec227179e3e9be6cf7ce860907 [none]
[debug] [2026-09-30T19:14:42.359Z] >>> [apiv2][body] POST https://upload-firebasehosting.googleapis.com/upload/sites/mhuri-money/versions/fe9fba906a096450/files/1fcf3e2c3a81402ac0cf054f3529e0530c5a54ec227179e3e9be6cf7ce860907 [stream]
[debug] [2026-09-30T19:14:42.361Z] [hosting][populate queue][FINAL] {"max":1111,"min":1111,"avg":1111,"active":0,"complete":1,"success":1,"errored":0,"retried":0,"total":1,"elapsed":1113}
[debug] [2026-09-30T19:14:42.361Z] [hosting] uploads queued: 1
[info] i  hosting: uploading new files [0/1] (0%) 
[debug] [2026-09-30T19:14:43.837Z] <<< [apiv2][status] POST https://upload-firebasehosting.googleapis.com/upload/sites/mhuri-money/versions/fe9fba906a096450/files/1fcf3e2c3a81402ac0cf054f3529e0530c5a54ec227179e3e9be6cf7ce860907 200
[debug] [2026-09-30T19:14:43.838Z] <<< [apiv2][body] POST https://upload-firebasehosting.googleapis.com/upload/sites/mhuri-money/versions/fe9fba906a096450/files/1fcf3e2c3a81402ac0cf054f3529e0530c5a54ec227179e3e9be6cf7ce860907 [stream]
[debug] [2026-09-30T19:14:43.838Z] [hosting][upload queue][FINAL] {"max":1480,"min":1480,"avg":1480,"active":0,"complete":1,"success":1,"errored":0,"retried":0,"total":1,"elapsed":1480}
[info] i  hosting: upload complete 
[info] ✔  hosting[mhuri-money]: file upload complete 
[debug] [2026-09-30T19:14:43.839Z] [hosting] deploy completed after 2611ms
[debug] [2026-09-30T19:14:43.841Z] [
  {
    "config": {
      "public": "hosting/public",
      "ignore": [
        "firebase.json",
        "**/.*",
        "**/node_modules/**"
      ],
      "cleanUrls": true,
      "trailingSlash": false,
      "headers": [
        {
          "source": "**",
          "headers": [
            {
              "key": "Cache-Control",
              "value": "no-cache, max-age=0, must-revalidate"
            },
            {
              "key": "X-Content-Type-Options",
              "value": "nosniff"
            },
            {
              "key": "Referrer-Policy",
              "value": "strict-origin-when-cross-origin"
            },
            {
              "key": "X-Frame-Options",
              "value": "DENY"
            }
          ]
        }
      ],
      "site": "mhuri-money"
    },
    "version": "projects/383203942042/sites/mhuri-money/versions/fe9fba906a096450"
  }
]
[info] i  hosting[mhuri-money]: finalizing version... 
[debug] [2026-09-30T19:14:43.844Z] Checked if tokens are valid: true, expires at: 1790798644816
[debug] [2026-09-30T19:14:43.844Z] Checked if tokens are valid: true, expires at: 1790798644816
[debug] [2026-09-30T19:14:43.844Z] >>> [apiv2][query] PATCH https://firebasehosting.googleapis.com/v1beta1/projects/-/sites/mhuri-money/versions/fe9fba906a096450 updateMask=status%2Cconfig
[debug] [2026-09-30T19:14:43.845Z] >>> [apiv2][body] PATCH https://firebasehosting.googleapis.com/v1beta1/projects/-/sites/mhuri-money/versions/fe9fba906a096450 {"status":"FINALIZED","config":{"headers":[{"glob":"**","headers":{"Cache-Control":"no-cache, max-age=0, must-revalidate","X-Content-Type-Options":"nosniff","Referrer-Policy":"strict-origin-when-cross-origin","X-Frame-Options":"DENY"}}],"cleanUrls":true,"trailingSlashBehavior":"REMOVE"}}
[debug] [2026-09-30T19:14:45.480Z] <<< [apiv2][status] PATCH https://firebasehosting.googleapis.com/v1beta1/projects/-/sites/mhuri-money/versions/fe9fba906a096450 200
[debug] [2026-09-30T19:14:45.480Z] <<< [apiv2][body] PATCH https://firebasehosting.googleapis.com/v1beta1/projects/-/sites/mhuri-money/versions/fe9fba906a096450 {"name":"projects/383203942042/sites/mhuri-money/versions/fe9fba906a096450","status":"FINALIZED","config":{"headers":[{"headers":{"Referrer-Policy":"strict-origin-when-cross-origin","X-Frame-Options":"DENY","Cache-Control":"no-cache, max-age=0, must-revalidate","X-Content-Type-Options":"nosniff"},"glob":"**"}],"cleanUrls":true,"trailingSlashBehavior":"REMOVE"},"labels":{"deployment-tool":"cli-firebase"},"createTime":"2026-09-30T19:14:39.796310Z","createUser":{"email":"codzlabzim53@gmail.com"},"finalizeTime":"2026-09-30T19:14:45.345756Z","finalizeUser":{"email":"codzlabzim53@gmail.com"}}
[debug] [2026-09-30T19:14:45.480Z] [hosting] finalized version for mhuri-money:[object Object]
[info] ✔  hosting[mhuri-money]: version finalized 
[info] i  hosting[mhuri-money]: releasing new version... 
[debug] [2026-09-30T19:14:45.481Z] Checked if tokens are valid: true, expires at: 1790798644816
[debug] [2026-09-30T19:14:45.481Z] Checked if tokens are valid: true, expires at: 1790798644816
[debug] [2026-09-30T19:14:45.482Z] >>> [apiv2][query] POST https://firebasehosting.googleapis.com/v1beta1/projects/-/sites/mhuri-money/channels/live/releases versionName=projects%2F383203942042%2Fsites%2Fmhuri-money%2Fversions%2Ffe9fba906a096450
[debug] [2026-09-30T19:14:45.482Z] >>> [apiv2][body] POST https://firebasehosting.googleapis.com/v1beta1/projects/-/sites/mhuri-money/channels/live/releases {}
[debug] [2026-09-30T19:14:47.041Z] <<< [apiv2][status] POST https://firebasehosting.googleapis.com/v1beta1/projects/-/sites/mhuri-money/channels/live/releases 200
[debug] [2026-09-30T19:18:44.946Z] ----------------------------------------------------------------------
[debug] [2026-09-30T19:18:44.947Z] Command:       /Users/mac/.nvm/versions/node/v24.18.0/bin/node /Users/mac/.nvm/versions/node/v24.18.0/bin/firebase deploy --only hosting --project mhuri-money
[debug] [2026-09-30T19:18:44.947Z] CLI Version:   15.22.4
[debug] [2026-09-30T19:18:44.947Z] Platform:      darwin
[debug] [2026-09-30T19:18:44.947Z] Node Version:  v24.18.0
[debug] [2026-09-30T19:18:44.947Z] Detected Agent: codex_cli
[debug] [2026-09-30T19:18:44.947Z] Time:          Wed Sep 30 2026 21:18:44 GMT+0200 (Central Africa Time)
[debug] [2026-09-30T19:18:44.947Z] ----------------------------------------------------------------------
[debug] 
[debug] [2026-09-30T19:18:45.349Z] > command requires scopes: ["email","openid","https://www.googleapis.com/auth/cloudplatformprojects.readonly","https://www.googleapis.com/auth/firebase","https://www.googleapis.com/auth/cloud-platform"]
[debug] [2026-09-30T19:18:45.350Z] > authorizing via signed-in user (codzlabzim53@gmail.com)
[debug] [2026-09-30T19:18:45.350Z] [iam] checking project mhuri-money for permissions ["firebase.projects.get","firebasehosting.sites.update"]
[debug] [2026-09-30T19:18:45.350Z] Checked if tokens are valid: true, expires at: 1790798644816
[debug] [2026-09-30T19:18:45.351Z] Checked if tokens are valid: true, expires at: 1790798644816
[debug] [2026-09-30T19:18:45.351Z] >>> [apiv2][query] POST https://cloudresourcemanager.googleapis.com/v1/projects/mhuri-money:testIamPermissions [none]
[debug] [2026-09-30T19:18:45.351Z] >>> [apiv2][(partial)header] POST https://cloudresourcemanager.googleapis.com/v1/projects/mhuri-money:testIamPermissions  x-goog-user-project=mhuri-money
[debug] [2026-09-30T19:18:45.351Z] >>> [apiv2][body] POST https://cloudresourcemanager.googleapis.com/v1/projects/mhuri-money:testIamPermissions {"permissions":["firebase.projects.get","firebasehosting.sites.update"]}
[debug] [2026-09-30T19:18:47.164Z] <<< [apiv2][status] POST https://cloudresourcemanager.googleapis.com/v1/projects/mhuri-money:testIamPermissions 200
[debug] [2026-09-30T19:18:47.164Z] <<< [apiv2][body] POST https://cloudresourcemanager.googleapis.com/v1/projects/mhuri-money:testIamPermissions {"permissions":["firebase.projects.get","firebasehosting.sites.update"]}
[debug] [2026-09-30T19:18:47.165Z] Checked if tokens are valid: true, expires at: 1790798644816
[debug] [2026-09-30T19:18:47.165Z] Checked if tokens are valid: true, expires at: 1790798644816
[debug] [2026-09-30T19:18:47.166Z] >>> [apiv2][query] GET https://firebase.googleapis.com/v1beta1/projects/mhuri-money [none]
[debug] [2026-09-30T19:18:47.868Z] <<< [apiv2][status] GET https://firebase.googleapis.com/v1beta1/projects/mhuri-money 200
[debug] [2026-09-30T19:18:47.868Z] <<< [apiv2][body] GET https://firebase.googleapis.com/v1beta1/projects/mhuri-money {"projectId":"mhuri-money","projectNumber":"383203942042","displayName":"Mhuri Money","name":"projects/mhuri-money","resources":{"hostingSite":"mhuri-money"},"state":"ACTIVE","labels":{"firebase":"enabled"},"etag":"1_87d97d34-3433-4b93-96fd-4ce946800983"}
[info] 
[info] === Deploying to 'mhuri-money'...
[info] 
[info] i  deploying hosting 
[debug] [2026-09-30T19:18:47.870Z] Checked if tokens are valid: true, expires at: 1790798644816
[debug] [2026-09-30T19:18:47.870Z] Checked if tokens are valid: true, expires at: 1790798644816
[debug] [2026-09-30T19:18:47.870Z] >>> [apiv2][query] GET https://firebasehosting.googleapis.com/v1beta1/projects/mhuri-money/sites/mhuri-money [none]
[debug] [2026-09-30T19:18:49.961Z] <<< [apiv2][status] GET https://firebasehosting.googleapis.com/v1beta1/projects/mhuri-money/sites/mhuri-money 200
[debug] [2026-09-30T19:18:49.962Z] <<< [apiv2][body] GET https://firebasehosting.googleapis.com/v1beta1/projects/mhuri-money/sites/mhuri-money {"name":"projects/mhuri-money/sites/mhuri-money","defaultUrl":"https://mhuri-money.web.app","type":"DEFAULT_SITE"}
[debug] [2026-09-30T19:18:49.963Z] Checked if tokens are valid: true, expires at: 1790798644816
[debug] [2026-09-30T19:18:49.963Z] Checked if tokens are valid: true, expires at: 1790798644816
[debug] [2026-09-30T19:18:49.963Z] >>> [apiv2][query] POST https://firebasehosting.googleapis.com/v1beta1/projects/-/sites/mhuri-money/versions [none]
[debug] [2026-09-30T19:18:49.963Z] >>> [apiv2][body] POST https://firebasehosting.googleapis.com/v1beta1/projects/-/sites/mhuri-money/versions {"status":"CREATED","labels":{"deployment-tool":"cli-firebase"}}
[debug] [2026-09-30T19:18:51.811Z] <<< [apiv2][status] POST https://firebasehosting.googleapis.com/v1beta1/projects/-/sites/mhuri-money/versions 200
[debug] [2026-09-30T19:18:51.811Z] <<< [apiv2][body] POST https://firebasehosting.googleapis.com/v1beta1/projects/-/sites/mhuri-money/versions {"name":"projects/383203942042/sites/mhuri-money/versions/9e4deb05498269b4","status":"CREATED","config":{},"labels":{"deployment-tool":"cli-firebase"}}
[info] i  hosting[mhuri-money]: beginning deploy... 
[info] i  hosting[mhuri-money]: found 11 files in hosting/public 
[debug] [2026-09-30T19:18:51.831Z] [hosting] uploading with 200 concurrency
[debug] [2026-09-30T19:18:51.838Z] Checked if tokens are valid: true, expires at: 1790798644816
[debug] [2026-09-30T19:18:51.838Z] Checked if tokens are valid: true, expires at: 1790798644816
[debug] [2026-09-30T19:18:51.839Z] [hosting] hash cache [aG9zdGluZy9wdWJsaWM] stored for 11 files
[debug] [2026-09-30T19:18:51.839Z] [hosting][hash queue][FINAL] {"max":4,"min":0,"avg":1.1818181818181819,"active":0,"complete":11,"success":11,"errored":0,"retried":0,"total":11,"elapsed":7}
[debug] [2026-09-30T19:18:51.839Z] >>> [apiv2][query] POST https://firebasehosting.googleapis.com/v1beta1/projects/383203942042/sites/mhuri-money/versions/9e4deb05498269b4:populateFiles [none]
[debug] [2026-09-30T19:18:51.839Z] >>> [apiv2][body] POST https://firebasehosting.googleapis.com/v1beta1/projects/383203942042/sites/mhuri-money/versions/9e4deb05498269b4:populateFiles {"files":{"/delete-account/index.html":"8ff182bb8ec0330d4edc531b7741fc513478e9cf515c72842b73f2d7a5581922","/assets/mhuri-icon.png":"6e7c9feabd3555434723f2d664e47c3a681a90105d27f432b0a2ba5cdada80aa","/assets/screens/sign-in.png":"4353c93add217607bdab36ce0469a85390a68de80f3b8cd62c41179d429a331e","/assets/screens/reports.png":"7f52c94ca7dad7860365396eaff36622f4a8635271532909b30d43181887e461","/assets/screens/home.png":"cabf16e487b68a951ae3ea849cb45e9c70be8d481d033589c047d21e616556d2","/assets/screens/family.png":"adf3cabbbceec3457c08ee33a4af9a54ecbef627d1cc9be01d8e50a3b50e734b","/assets/screens/create-account.png":"6465188514683ce82f03a084c5fdfdff4c97d28d1c95f2b6a36a6f79944d11b2","/terms/index.html":"020fa1ee6ea0b75598f935a01b69381e14e0ab51ee902e37be2d07654b9cbaae","/index.html":"3f37e0eec3c001f912d64326224ab7bf5c1b221f28f232fe6e08e3b50f51b3f5","/privacy/index.html":"c3c83e5009dc780ebca838023ae0e189b7c31d56b7670d1f3975d17b8a84219a","/styles.css":"e211f355b2a3312a36f79f1997a6ae1e825f0d1974a634047d85029b381f4b0d"}}
[debug] [2026-09-30T19:18:52.986Z] <<< [apiv2][status] POST https://firebasehosting.googleapis.com/v1beta1/projects/383203942042/sites/mhuri-money/versions/9e4deb05498269b4:populateFiles 200
[debug] [2026-09-30T19:18:52.987Z] <<< [apiv2][body] POST https://firebasehosting.googleapis.com/v1beta1/projects/383203942042/sites/mhuri-money/versions/9e4deb05498269b4:populateFiles {"uploadRequiredHashes":["3f37e0eec3c001f912d64326224ab7bf5c1b221f28f232fe6e08e3b50f51b3f5","020fa1ee6ea0b75598f935a01b69381e14e0ab51ee902e37be2d07654b9cbaae","c3c83e5009dc780ebca838023ae0e189b7c31d56b7670d1f3975d17b8a84219a","e211f355b2a3312a36f79f1997a6ae1e825f0d1974a634047d85029b381f4b0d"],"uploadUrl":"https://upload-firebasehosting.googleapis.com/upload/sites/mhuri-money/versions/9e4deb05498269b4/files"}
[debug] [2026-09-30T19:18:52.988Z] Checked if tokens are valid: true, expires at: 1790798644816
[debug] [2026-09-30T19:18:52.988Z] Checked if tokens are valid: true, expires at: 1790798644816
[debug] [2026-09-30T19:18:52.988Z] Checked if tokens are valid: true, expires at: 1790798644816
[debug] [2026-09-30T19:18:52.989Z] Checked if tokens are valid: true, expires at: 1790798644816
[debug] [2026-09-30T19:18:52.989Z] Checked if tokens are valid: true, expires at: 1790798644816
[debug] [2026-09-30T19:18:52.989Z] Checked if tokens are valid: true, expires at: 1790798644816
[debug] [2026-09-30T19:18:52.990Z] Checked if tokens are valid: true, expires at: 1790798644816
[debug] [2026-09-30T19:18:52.990Z] Checked if tokens are valid: true, expires at: 1790798644816
[debug] [2026-09-30T19:18:52.990Z] >>> [apiv2][query] POST https://upload-firebasehosting.googleapis.com/upload/sites/mhuri-money/versions/9e4deb05498269b4/files/3f37e0eec3c001f912d64326224ab7bf5c1b221f28f232fe6e08e3b50f51b3f5 [none]
[debug] [2026-09-30T19:18:52.990Z] >>> [apiv2][body] POST https://upload-firebasehosting.googleapis.com/upload/sites/mhuri-money/versions/9e4deb05498269b4/files/3f37e0eec3c001f912d64326224ab7bf5c1b221f28f232fe6e08e3b50f51b3f5 [stream]
[debug] [2026-09-30T19:18:52.993Z] >>> [apiv2][query] POST https://upload-firebasehosting.googleapis.com/upload/sites/mhuri-money/versions/9e4deb05498269b4/files/020fa1ee6ea0b75598f935a01b69381e14e0ab51ee902e37be2d07654b9cbaae [none]
[debug] [2026-09-30T19:18:52.993Z] >>> [apiv2][body] POST https://upload-firebasehosting.googleapis.com/upload/sites/mhuri-money/versions/9e4deb05498269b4/files/020fa1ee6ea0b75598f935a01b69381e14e0ab51ee902e37be2d07654b9cbaae [stream]
[debug] [2026-09-30T19:18:52.995Z] >>> [apiv2][query] POST https://upload-firebasehosting.googleapis.com/upload/sites/mhuri-money/versions/9e4deb05498269b4/files/c3c83e5009dc780ebca838023ae0e189b7c31d56b7670d1f3975d17b8a84219a [none]
[debug] [2026-09-30T19:18:52.995Z] >>> [apiv2][body] POST https://upload-firebasehosting.googleapis.com/upload/sites/mhuri-money/versions/9e4deb05498269b4/files/c3c83e5009dc780ebca838023ae0e189b7c31d56b7670d1f3975d17b8a84219a [stream]
[debug] [2026-09-30T19:18:52.997Z] >>> [apiv2][query] POST https://upload-firebasehosting.googleapis.com/upload/sites/mhuri-money/versions/9e4deb05498269b4/files/e211f355b2a3312a36f79f1997a6ae1e825f0d1974a634047d85029b381f4b0d [none]
[debug] [2026-09-30T19:18:52.997Z] >>> [apiv2][body] POST https://upload-firebasehosting.googleapis.com/upload/sites/mhuri-money/versions/9e4deb05498269b4/files/e211f355b2a3312a36f79f1997a6ae1e825f0d1974a634047d85029b381f4b0d [stream]
[debug] [2026-09-30T19:18:52.998Z] [hosting][populate queue][FINAL] {"max":1153,"min":1153,"avg":1153,"active":0,"complete":1,"success":1,"errored":0,"retried":0,"total":1,"elapsed":1161}
[debug] [2026-09-30T19:18:52.999Z] [hosting] uploads queued: 4
[info] i  hosting: uploading new files [0/4] (0%) 
[debug] [2026-09-30T19:18:54.568Z] <<< [apiv2][status] POST https://upload-firebasehosting.googleapis.com/upload/sites/mhuri-money/versions/9e4deb05498269b4/files/020fa1ee6ea0b75598f935a01b69381e14e0ab51ee902e37be2d07654b9cbaae 200
[debug] [2026-09-30T19:18:54.568Z] <<< [apiv2][body] POST https://upload-firebasehosting.googleapis.com/upload/sites/mhuri-money/versions/9e4deb05498269b4/files/020fa1ee6ea0b75598f935a01b69381e14e0ab51ee902e37be2d07654b9cbaae [stream]
[debug] [2026-09-30T19:18:54.628Z] <<< [apiv2][status] POST https://upload-firebasehosting.googleapis.com/upload/sites/mhuri-money/versions/9e4deb05498269b4/files/e211f355b2a3312a36f79f1997a6ae1e825f0d1974a634047d85029b381f4b0d 200
[debug] [2026-09-30T19:18:54.628Z] <<< [apiv2][body] POST https://upload-firebasehosting.googleapis.com/upload/sites/mhuri-money/versions/9e4deb05498269b4/files/e211f355b2a3312a36f79f1997a6ae1e825f0d1974a634047d85029b381f4b0d [stream]
[debug] [2026-09-30T19:18:54.672Z] <<< [apiv2][status] POST https://upload-firebasehosting.googleapis.com/upload/sites/mhuri-money/versions/9e4deb05498269b4/files/3f37e0eec3c001f912d64326224ab7bf5c1b221f28f232fe6e08e3b50f51b3f5 200
[debug] [2026-09-30T19:18:54.672Z] <<< [apiv2][body] POST https://upload-firebasehosting.googleapis.com/upload/sites/mhuri-money/versions/9e4deb05498269b4/files/3f37e0eec3c001f912d64326224ab7bf5c1b221f28f232fe6e08e3b50f51b3f5 [stream]
[debug] [2026-09-30T19:18:54.900Z] <<< [apiv2][status] POST https://upload-firebasehosting.googleapis.com/upload/sites/mhuri-money/versions/9e4deb05498269b4/files/c3c83e5009dc780ebca838023ae0e189b7c31d56b7670d1f3975d17b8a84219a 200
[debug] [2026-09-30T19:18:54.900Z] <<< [apiv2][body] POST https://upload-firebasehosting.googleapis.com/upload/sites/mhuri-money/versions/9e4deb05498269b4/files/c3c83e5009dc780ebca838023ae0e189b7c31d56b7670d1f3975d17b8a84219a [stream]
[debug] [2026-09-30T19:18:54.900Z] [hosting][upload queue][FINAL] {"max":1911,"min":1580,"avg":1704,"active":0,"complete":4,"success":4,"errored":0,"retried":0,"total":4,"elapsed":1913}
[info] i  hosting: upload complete 
[info] ✔  hosting[mhuri-money]: file upload complete 
[debug] [2026-09-30T19:18:54.901Z] [hosting] deploy completed after 3085ms
[debug] [2026-09-30T19:18:54.901Z] [
  {
    "config": {
      "public": "hosting/public",
      "ignore": [
        "firebase.json",
        "**/.*",
        "**/node_modules/**"
      ],
      "cleanUrls": true,
      "trailingSlash": false,
      "headers": [
        {
          "source": "**",
          "headers": [
            {
              "key": "Cache-Control",
              "value": "no-cache, max-age=0, must-revalidate"
            },
            {
              "key": "X-Content-Type-Options",
              "value": "nosniff"
            },
            {
              "key": "Referrer-Policy",
              "value": "strict-origin-when-cross-origin"
            },
            {
              "key": "X-Frame-Options",
              "value": "DENY"
            }
          ]
        }
      ],
      "site": "mhuri-money"
    },
    "version": "projects/383203942042/sites/mhuri-money/versions/9e4deb05498269b4"
  }
]
[info] i  hosting[mhuri-money]: finalizing version... 
[debug] [2026-09-30T19:18:54.904Z] Checked if tokens are valid: true, expires at: 1790798644816
[debug] [2026-09-30T19:18:54.905Z] Checked if tokens are valid: true, expires at: 1790798644816
[debug] [2026-09-30T19:18:54.905Z] >>> [apiv2][query] PATCH https://firebasehosting.googleapis.com/v1beta1/projects/-/sites/mhuri-money/versions/9e4deb05498269b4 updateMask=status%2Cconfig
[debug] [2026-09-30T19:18:54.905Z] >>> [apiv2][body] PATCH https://firebasehosting.googleapis.com/v1beta1/projects/-/sites/mhuri-money/versions/9e4deb05498269b4 {"status":"FINALIZED","config":{"headers":[{"glob":"**","headers":{"Cache-Control":"no-cache, max-age=0, must-revalidate","X-Content-Type-Options":"nosniff","Referrer-Policy":"strict-origin-when-cross-origin","X-Frame-Options":"DENY"}}],"cleanUrls":true,"trailingSlashBehavior":"REMOVE"}}
[debug] [2026-09-30T19:18:56.517Z] <<< [apiv2][status] PATCH https://firebasehosting.googleapis.com/v1beta1/projects/-/sites/mhuri-money/versions/9e4deb05498269b4 200
[debug] [2026-09-30T19:18:56.517Z] <<< [apiv2][body] PATCH https://firebasehosting.googleapis.com/v1beta1/projects/-/sites/mhuri-money/versions/9e4deb05498269b4 {"name":"projects/383203942042/sites/mhuri-money/versions/9e4deb05498269b4","status":"FINALIZED","config":{"headers":[{"headers":{"Cache-Control":"no-cache, max-age=0, must-revalidate","X-Content-Type-Options":"nosniff","Referrer-Policy":"strict-origin-when-cross-origin","X-Frame-Options":"DENY"},"glob":"**"}],"cleanUrls":true,"trailingSlashBehavior":"REMOVE"},"labels":{"deployment-tool":"cli-firebase"},"createTime":"2026-09-30T19:18:50.628219Z","createUser":{"email":"codzlabzim53@gmail.com"},"finalizeTime":"2026-09-30T19:18:56.351592Z","finalizeUser":{"email":"codzlabzim53@gmail.com"}}
[debug] [2026-09-30T19:18:56.517Z] [hosting] finalized version for mhuri-money:[object Object]
[info] ✔  hosting[mhuri-money]: version finalized 
[info] i  hosting[mhuri-money]: releasing new version... 
[debug] [2026-09-30T19:18:56.518Z] Checked if tokens are valid: true, expires at: 1790798644816
[debug] [2026-09-30T19:18:56.518Z] Checked if tokens are valid: true, expires at: 1790798644816
[debug] [2026-09-30T19:18:56.519Z] >>> [apiv2][query] POST https://firebasehosting.googleapis.com/v1beta1/projects/-/sites/mhuri-money/channels/live/releases versionName=projects%2F383203942042%2Fsites%2Fmhuri-money%2Fversions%2F9e4deb05498269b4
[debug] [2026-09-30T19:18:56.519Z] >>> [apiv2][body] POST https://firebasehosting.googleapis.com/v1beta1/projects/-/sites/mhuri-money/channels/live/releases {}
[debug] [2026-09-30T19:18:58.150Z] <<< [apiv2][status] POST https://firebasehosting.googleapis.com/v1beta1/projects/-/sites/mhuri-money/channels/live/releases 200
